club_adress,club_id,club_name,club_ref,date,ref_event,artiste
"Sandrainstrasse 25; 3007, Bern",17056, Gaskessel Bern,/club.aspx?id=17056,"Thu, 30 Oct 2008",/event.aspx?91930,Pascal FEOS
"Sandrainstrasse 25; 3007, Bern",17056, Gaskessel Bern,/club.aspx?id=17056,"Thu, 30 Oct 2008",/event.aspx?91930,Lukas Kleesattel
"Sandrainstrasse 25; 3007, Bern",17056, Gaskessel Bern,/club.aspx?id=17056,"Fri, 29 May 2009",/event.aspx?91923,Lützenkirchen
"Sandrainstrasse 25; 3007, Bern",17056, Gaskessel Bern,/club.aspx?id=17056,"Fri, 23 Jan 2009",/event.aspx?91932,Frank Lorber
"Sandrainstrasse 25; 3007, Bern",17056, Gaskessel Bern,/club.aspx?id=17056,"Sat, 6 Nov 2010",/event.aspx?204704,Heinrichs & Hirtenfellner
"Sandrainstrasse 25; 3007, Bern",17056, Gaskessel Bern,/club.aspx?id=17056,"Sat, 6 Nov 2010",/event.aspx?204704,Daniel Steinberg
"Sandrainstrasse 25; 3007, Bern",17056, Gaskessel Bern,/club.aspx?id=17056,"Sat, 6 Nov 2010",/event.aspx?204704,Kellerkind
"Sandrainstrasse 25; 3007, Bern",17056, Gaskessel Bern,/club.aspx?id=17056,"Sat, 6 Nov 2010",/event.aspx?204704,Boris Why
"Sandrainstrasse 25; 3007, Bern",17056, Gaskessel Bern,/club.aspx?id=17056,"Sat, 6 Nov 2010",/event.aspx?204704,Skaos
"Sandrainstrasse 25; 3007, Bern",17056, Gaskessel Bern,/club.aspx?id=17056,"Sat, 19 Nov 2011",/event.aspx?303479,Kollektiv Turmstrasse
"Sandrainstrasse 25; 3007, Bern",17056, Gaskessel Bern,/club.aspx?id=17056,"Sat, 8 Oct 2011",/event.aspx?286732,Format B
"Sandrainstrasse 25; 3007, Bern",17056, Gaskessel Bern,/club.aspx?id=17056,"Sat, 24 Sep 2011",/event.aspx?266254,Tom Clark
"Sandrainstrasse 25; 3007, Bern",17056, Gaskessel Bern,/club.aspx?id=17056,"Sat, 24 Sep 2011",/event.aspx?266254,Mihai Popoviciu
"Sandrainstrasse 25; 3007, Bern",17056, Gaskessel Bern,/club.aspx?id=17056,"Sat, 24 Sep 2011",/event.aspx?266254,Heinrichs & Hirtenfellner
"Sandrainstrasse 25; 3007, Bern",17056, Gaskessel Bern,/club.aspx?id=17056,"Sat, 3 Sep 2011",/event.aspx?280091,Nick Nasty
"Sandrainstrasse 25; 3007, Bern",17056, Gaskessel Bern,/club.aspx?id=17056,"Sat, 3 Sep 2011",/event.aspx?280091,Noé
"Sandrainstrasse 25; 3007, Bern",17056, Gaskessel Bern,/club.aspx?id=17056,"Sat, 11 Jun 2011",/event.aspx?260669,Kaiserdisco
"Sandrainstrasse 25; 3007, Bern",17056, Gaskessel Bern,/club.aspx?id=17056,"Sat, 11 Jun 2011",/event.aspx?260669,Janiv Damti
"Sandrainstrasse 25; 3007, Bern",17056, Gaskessel Bern,/club.aspx?id=17056,"Sat, 11 Jun 2011",/event.aspx?260669,Niko Schwind
"Sandrainstrasse 25; 3007, Bern",17056, Gaskessel Bern,/club.aspx?id=17056,"Sat, 11 Jun 2011",/event.aspx?260669,Kellerkind
"Sandrainstrasse 25; 3007, Bern",17056, Gaskessel Bern,/club.aspx?id=17056,"Sat, 11 Jun 2011",/event.aspx?260669,James Mc Hale
"Sandrainstrasse 25; 3007, Bern",17056, Gaskessel Bern,/club.aspx?id=17056,"Sat, 21 May 2011",/event.aspx?264784,Samuel L Session
"Sandrainstrasse 25; 3007, Bern",17056, Gaskessel Bern,/club.aspx?id=17056,"Sat, 21 May 2011",/event.aspx?264784,Miss Djax
"Sandrainstrasse 25; 3007, Bern",17056, Gaskessel Bern,/club.aspx?id=17056,"Sat, 21 May 2011",/event.aspx?264784,Skaos
"Sandrainstrasse 25; 3007, Bern",17056, Gaskessel Bern,/club.aspx?id=17056,"Sat, 30 Apr 2011",/event.aspx?252972,Dan Ghenacia
"Sandrainstrasse 25; 3007, Bern",17056, Gaskessel Bern,/club.aspx?id=17056,"Sat, 30 Apr 2011",/event.aspx?252972,Daria
"Sandrainstrasse 25; 3007, Bern",17056, Gaskessel Bern,/club.aspx?id=17056,"Sat, 30 Apr 2011",/event.aspx?252972,Andrea Oliva
"Sandrainstrasse 25; 3007, Bern",17056, Gaskessel Bern,/club.aspx?id=17056,"Sat, 30 Apr 2011",/event.aspx?252972,Kellerkind
"Sandrainstrasse 25; 3007, Bern",17056, Gaskessel Bern,/club.aspx?id=17056,"Sat, 30 Apr 2011",/event.aspx?252972,Boris Why
"Sandrainstrasse 25; 3007, Bern",17056, Gaskessel Bern,/club.aspx?id=17056,"Sat, 30 Apr 2011",/event.aspx?252972,Jacqui
"Sandrainstrasse 25; 3007, Bern",17056, Gaskessel Bern,/club.aspx?id=17056,"Sat, 30 Apr 2011",/event.aspx?252972,Jon Donson
"Sandrainstrasse 25; 3007, Bern",17056, Gaskessel Bern,/club.aspx?id=17056,"Sat, 30 Apr 2011",/event.aspx?252972,Huazee
"Sandrainstrasse 25; 3007, Bern",17056, Gaskessel Bern,/club.aspx?id=17056,"Sat, 23 Apr 2011",/event.aspx?230714,Andrea Roma
"Sandrainstrasse 25; 3007, Bern",17056, Gaskessel Bern,/club.aspx?id=17056,"Sat, 23 Apr 2011",/event.aspx?230714,Don Dario
"Sandrainstrasse 25; 3007, Bern",17056, Gaskessel Bern,/club.aspx?id=17056,"Sat, 23 Apr 2011",/event.aspx?230714,Deepwave
"Sandrainstrasse 25; 3007, Bern",17056, Gaskessel Bern,/club.aspx?id=17056,"Sat, 23 Apr 2011",/event.aspx?230714,Lucky Luciano
"Sandrainstrasse 25; 3007, Bern",17056, Gaskessel Bern,/club.aspx?id=17056,"Sat, 9 Apr 2011",/event.aspx?235714,Matthias Tanzmann
"Sandrainstrasse 25; 3007, Bern",17056, Gaskessel Bern,/club.aspx?id=17056,"Sat, 9 Apr 2011",/event.aspx?235714,Kellerkind
"Sandrainstrasse 25; 3007, Bern",17056, Gaskessel Bern,/club.aspx?id=17056,"Sat, 9 Apr 2011",/event.aspx?235714,Rodri
"Sandrainstrasse 25; 3007, Bern",17056, Gaskessel Bern,/club.aspx?id=17056,"Sat, 9 Apr 2011",/event.aspx?235714,Freiberg
"Sandrainstrasse 25; 3007, Bern",17056, Gaskessel Bern,/club.aspx?id=17056,"Sat, 9 Apr 2011",/event.aspx?235714,DeWalta
"Sandrainstrasse 25; 3007, Bern",17056, Gaskessel Bern,/club.aspx?id=17056,"Sat, 26 Mar 2011",/event.aspx?234337,Oliver Koletzki
"Sandrainstrasse 25; 3007, Bern",17056, Gaskessel Bern,/club.aspx?id=17056,"Sat, 26 Mar 2011",/event.aspx?234337,Kellerkind
"Sandrainstrasse 25; 3007, Bern",17056, Gaskessel Bern,/club.aspx?id=17056,"Sat, 26 Mar 2011",/event.aspx?234337,Nick Nasty
"Sandrainstrasse 25; 3007, Bern",17056, Gaskessel Bern,/club.aspx?id=17056,"Sat, 26 Mar 2011",/event.aspx?234337,Jon Donson
"Sandrainstrasse 25; 3007, Bern",17056, Gaskessel Bern,/club.aspx?id=17056,"Sat, 26 Mar 2011",/event.aspx?234337,Der Schuft
"Sandrainstrasse 25; 3007, Bern",17056, Gaskessel Bern,/club.aspx?id=17056,"Sat, 5 Feb 2011",/event.aspx?225710,Todd Bodine
"Sandrainstrasse 25; 3007, Bern",17056, Gaskessel Bern,/club.aspx?id=17056,"Sat, 5 Feb 2011",/event.aspx?225710,Ekkohaus
"Sandrainstrasse 25; 3007, Bern",17056, Gaskessel Bern,/club.aspx?id=17056,"Sat, 5 Feb 2011",/event.aspx?225710,Don Ramon
"Sandrainstrasse 25; 3007, Bern",17056, Gaskessel Bern,/club.aspx?id=17056,"Sat, 5 Feb 2011",/event.aspx?225710,Kellerkind
"Sandrainstrasse 25; 3007, Bern",17056, Gaskessel Bern,/club.aspx?id=17056,"Sat, 5 Feb 2011",/event.aspx?225710,Huazee
"Sandrainstrasse 25; 3007, Bern",17056, Gaskessel Bern,/club.aspx?id=17056,"Sat, 5 Feb 2011",/event.aspx?225710,Yapacc
"Sandrainstrasse 25; 3007, Bern",17056, Gaskessel Bern,/club.aspx?id=17056,"Sat, 5 Feb 2011",/event.aspx?225710,Replika
"Sandrainstrasse 25; 3007, Bern",17056, Gaskessel Bern,/club.aspx?id=17056,"Sat, 29 Sep 2012",/event.aspx?403265,Klangkarussell
"Sandrainstrasse 25; 3007, Bern",17056, Gaskessel Bern,/club.aspx?id=17056,"Sat, 29 Sep 2012",/event.aspx?403265,buraq
"Sandrainstrasse 25; 3007, Bern",17056, Gaskessel Bern,/club.aspx?id=17056,"Sat, 29 Sep 2012",/event.aspx?403265,Nicola Koch
"Sandrainstrasse 25; 3007, Bern",17056, Gaskessel Bern,/club.aspx?id=17056,"Sat, 29 Sep 2012",/event.aspx?403265,Mike Teixeira
"Sandrainstrasse 25; 3007, Bern",17056, Gaskessel Bern,/club.aspx?id=17056,"Sat, 18 Aug 2012",/event.aspx?383131,Garibovic
"Sandrainstrasse 25; 3007, Bern",17056, Gaskessel Bern,/club.aspx?id=17056,"Sat, 18 Aug 2012",/event.aspx?383131,Jan Penarrubia
"Sandrainstrasse 25; 3007, Bern",17056, Gaskessel Bern,/club.aspx?id=17056,"Sat, 18 Aug 2012",/event.aspx?383131,Mike Teixeira
"Sandrainstrasse 25; 3007, Bern",17056, Gaskessel Bern,/club.aspx?id=17056,"Sat, 18 Aug 2012",/event.aspx?383131,Rico Rausch
"Sandrainstrasse 25; 3007, Bern",17056, Gaskessel Bern,/club.aspx?id=17056,"Sat, 18 Aug 2012",/event.aspx?383131,Das Balz
"Sandrainstrasse 25; 3007, Bern",17056, Gaskessel Bern,/club.aspx?id=17056,"Sat, 2 Jun 2012",/event.aspx?372539,Thugfucker
"Sandrainstrasse 25; 3007, Bern",17056, Gaskessel Bern,/club.aspx?id=17056,"Sat, 2 Jun 2012",/event.aspx?372539,Patrick Podage
"Sandrainstrasse 25; 3007, Bern",17056, Gaskessel Bern,/club.aspx?id=17056,"Sat, 2 Jun 2012",/event.aspx?372539,buraq
"Sandrainstrasse 25; 3007, Bern",17056, Gaskessel Bern,/club.aspx?id=17056,"Fri, 25 May 2012",/event.aspx?371779,Sunman
"Sandrainstrasse 25; 3007, Bern",17056, Gaskessel Bern,/club.aspx?id=17056,"Fri, 25 May 2012",/event.aspx?371779,130BPM
"Sandrainstrasse 25; 3007, Bern",17056, Gaskessel Bern,/club.aspx?id=17056,"Sat, 28 Apr 2012",/event.aspx?355199,Stereo Express
"Sandrainstrasse 25; 3007, Bern",17056, Gaskessel Bern,/club.aspx?id=17056,"Sat, 28 Apr 2012",/event.aspx?355199,Patrick Podage
"Sandrainstrasse 25; 3007, Bern",17056, Gaskessel Bern,/club.aspx?id=17056,"Sat, 28 Apr 2012",/event.aspx?355199,Jon Donson
"Sandrainstrasse 25; 3007, Bern",17056, Gaskessel Bern,/club.aspx?id=17056,"Sat, 7 Dec 2013",/event.aspx?538166,Ron Costa
"Sandrainstrasse 25; 3007, Bern",17056, Gaskessel Bern,/club.aspx?id=17056,"Sat, 7 Dec 2013",/event.aspx?538166,Martin Patino
"Sandrainstrasse 25; 3007, Bern",17056, Gaskessel Bern,/club.aspx?id=17056,"Sat, 30 Nov 2013",/event.aspx?510980,Lexy
"Sandrainstrasse 25; 3007, Bern",17056, Gaskessel Bern,/club.aspx?id=17056,"Sat, 30 Nov 2013",/event.aspx?510980,Robin Schulz
"Sandrainstrasse 25; 3007, Bern",17056, Gaskessel Bern,/club.aspx?id=17056,"Sat, 26 Oct 2013",/event.aspx?503235,Bakermat
"Sandrainstrasse 25; 3007, Bern",17056, Gaskessel Bern,/club.aspx?id=17056,"Sat, 26 Oct 2013",/event.aspx?503235,Daniel Portman
"Sandrainstrasse 25; 3007, Bern",17056, Gaskessel Bern,/club.aspx?id=17056,"Sat, 26 Oct 2013",/event.aspx?503235,Kellerkind
"Sandrainstrasse 25; 3007, Bern",17056, Gaskessel Bern,/club.aspx?id=17056,"Sat, 26 Oct 2013",/event.aspx?503235,KlangfabriK
"Sandrainstrasse 25; 3007, Bern",17056, Gaskessel Bern,/club.aspx?id=17056,"Fri, 25 Oct 2013",/event.aspx?503234,Daniele Petronelli
"Sandrainstrasse 25; 3007, Bern",17056, Gaskessel Bern,/club.aspx?id=17056,"Sat, 19 Oct 2013",/event.aspx?524642,Sascha Dive
"Sandrainstrasse 25; 3007, Bern",17056, Gaskessel Bern,/club.aspx?id=17056,"Sat, 19 Oct 2013",/event.aspx?524642,Soul Button
"Sandrainstrasse 25; 3007, Bern",17056, Gaskessel Bern,/club.aspx?id=17056,"Sat, 19 Oct 2013",/event.aspx?524642,Patrick Podage
"Sandrainstrasse 25; 3007, Bern",17056, Gaskessel Bern,/club.aspx?id=17056,"Sat, 19 Oct 2013",/event.aspx?524642,Rico Rausch
"Sandrainstrasse 25; 3007, Bern",17056, Gaskessel Bern,/club.aspx?id=17056,"Sat, 19 Oct 2013",/event.aspx?524642,Das Balz
"Sandrainstrasse 25; 3007, Bern",17056, Gaskessel Bern,/club.aspx?id=17056,"Sat, 28 Sep 2013",/event.aspx?513652,Anja Schneider
"Sandrainstrasse 25; 3007, Bern",17056, Gaskessel Bern,/club.aspx?id=17056,"Sat, 28 Sep 2013",/event.aspx?513652,Ralf Kollmann
"Sandrainstrasse 25; 3007, Bern",17056, Gaskessel Bern,/club.aspx?id=17056,"Sat, 28 Sep 2013",/event.aspx?513652,Mike Teixeira
"Sandrainstrasse 25; 3007, Bern",17056, Gaskessel Bern,/club.aspx?id=17056,"Sat, 31 Aug 2013",/event.aspx?510209,Martin Eyerer
"Sandrainstrasse 25; 3007, Bern",17056, Gaskessel Bern,/club.aspx?id=17056,"Sat, 31 Aug 2013",/event.aspx?510209,Alex Flatner
"Sandrainstrasse 25; 3007, Bern",17056, Gaskessel Bern,/club.aspx?id=17056,"Sat, 31 Aug 2013",/event.aspx?510209,Patrick Podage
"Sandrainstrasse 25; 3007, Bern",17056, Gaskessel Bern,/club.aspx?id=17056,"Sat, 31 Aug 2013",/event.aspx?510209,Benny Grauer
"Sandrainstrasse 25; 3007, Bern",17056, Gaskessel Bern,/club.aspx?id=17056,"Sat, 27 Jul 2013",/event.aspx?496498,A Brothers
"Sandrainstrasse 25; 3007, Bern",17056, Gaskessel Bern,/club.aspx?id=17056,"Sat, 27 Jul 2013",/event.aspx?496498,Andrea Terramossi
"Sandrainstrasse 25; 3007, Bern",17056, Gaskessel Bern,/club.aspx?id=17056,"Sat, 27 Jul 2013",/event.aspx?496498,Ray Topolov
"Sandrainstrasse 25; 3007, Bern",17056, Gaskessel Bern,/club.aspx?id=17056,"Sat, 6 Jul 2013",/event.aspx?486516,Klangkarussell
"Sandrainstrasse 25; 3007, Bern",17056, Gaskessel Bern,/club.aspx?id=17056,"Sat, 6 Jul 2013",/event.aspx?486516,Nicola Koch
"Sandrainstrasse 25; 3007, Bern",17056, Gaskessel Bern,/club.aspx?id=17056,"Sat, 6 Jul 2013",/event.aspx?486516,Enzo Siffredi
"Sandrainstrasse 25; 3007, Bern",17056, Gaskessel Bern,/club.aspx?id=17056,"Sat, 1 Jun 2013",/event.aspx?483412,Him_Self_Her
"Sandrainstrasse 25; 3007, Bern",17056, Gaskessel Bern,/club.aspx?id=17056,"Sat, 1 Jun 2013",/event.aspx?483412,buraq
"Sandrainstrasse 25; 3007, Bern",17056, Gaskessel Bern,/club.aspx?id=17056,"Sat, 18 May 2013",/event.aspx?475424,Daniel Steinberg
"Sandrainstrasse 25; 3007, Bern",17056, Gaskessel Bern,/club.aspx?id=17056,"Sat, 18 May 2013",/event.aspx?475424,Das Balz
"Sandrainstrasse 25; 3007, Bern",17056, Gaskessel Bern,/club.aspx?id=17056,"Sat, 18 May 2013",/event.aspx?475424,Toni Bass
"Sandrainstrasse 25; 3007, Bern",17056, Gaskessel Bern,/club.aspx?id=17056,"Sat, 27 Apr 2013",/event.aspx?467885,Lützenkirchen
"Sandrainstrasse 25; 3007, Bern",17056, Gaskessel Bern,/club.aspx?id=17056,"Sat, 27 Apr 2013",/event.aspx?467885,Kellerkind
"Sandrainstrasse 25; 3007, Bern",17056, Gaskessel Bern,/club.aspx?id=17056,"Sat, 27 Apr 2013",/event.aspx?467885,KlangfabriK
"Sandrainstrasse 25; 3007, Bern",17056, Gaskessel Bern,/club.aspx?id=17056,"Sat, 27 Apr 2013",/event.aspx?467885,Lucky Luciano
"Sandrainstrasse 25; 3007, Bern",17056, Gaskessel Bern,/club.aspx?id=17056,"Fri, 26 Apr 2013",/event.aspx?467883,Laserkraft 3D
"Sandrainstrasse 25; 3007, Bern",17056, Gaskessel Bern,/club.aspx?id=17056,"Fri, 26 Apr 2013",/event.aspx?467883,Mike Väth
"Sandrainstrasse 25; 3007, Bern",17056, Gaskessel Bern,/club.aspx?id=17056,"Sat, 23 Feb 2013",/event.aspx?446018,Rodriguez Jr.
"Sandrainstrasse 25; 3007, Bern",17056, Gaskessel Bern,/club.aspx?id=17056,"Sat, 23 Feb 2013",/event.aspx?446018,Patrick Podage
"Sandrainstrasse 25; 3007, Bern",17056, Gaskessel Bern,/club.aspx?id=17056,"Sat, 23 Feb 2013",/event.aspx?446018,Andaloop
"Sandrainstrasse 25; 3007, Bern",17056, Gaskessel Bern,/club.aspx?id=17056,"Sat, 19 Jan 2013",/event.aspx?434263,Florian Meindl
"Sandrainstrasse 25; 3007, Bern",17056, Gaskessel Bern,/club.aspx?id=17056,"Fri, 12 Dec 2014",/event.aspx?661306,Miss Jools
"Sandrainstrasse 25; 3007, Bern",17056, Gaskessel Bern,/club.aspx?id=17056,"Sat, 8 Nov 2014",/event.aspx?641603,Marcel Heese
"Sandrainstrasse 25; 3007, Bern",17056, Gaskessel Bern,/club.aspx?id=17056,"Sat, 8 Nov 2014",/event.aspx?641603,Mareena
"Sandrainstrasse 25; 3007, Bern",17056, Gaskessel Bern,/club.aspx?id=17056,"Sat, 8 Nov 2014",/event.aspx?641603,Krenzlin
"Sandrainstrasse 25; 3007, Bern",17056, Gaskessel Bern,/club.aspx?id=17056,"Sat, 8 Nov 2014",/event.aspx?641603,88uw
"Sandrainstrasse 25; 3007, Bern",17056, Gaskessel Bern,/club.aspx?id=17056,"Sat, 1 Nov 2014",/event.aspx?641597,Lexer
"Sandrainstrasse 25; 3007, Bern",17056, Gaskessel Bern,/club.aspx?id=17056,"Sat, 1 Nov 2014",/event.aspx?641597,KlangfabriK
"Sandrainstrasse 25; 3007, Bern",17056, Gaskessel Bern,/club.aspx?id=17056,"Fri, 31 Oct 2014",/event.aspx?641594,Robin Schulz
"Sandrainstrasse 25; 3007, Bern",17056, Gaskessel Bern,/club.aspx?id=17056,"Fri, 31 Oct 2014",/event.aspx?641594,Kellerkind
"Sandrainstrasse 25; 3007, Bern",17056, Gaskessel Bern,/club.aspx?id=17056,"Sat, 25 Oct 2014",/event.aspx?642834,Stuart Hawkins
"Sandrainstrasse 25; 3007, Bern",17056, Gaskessel Bern,/club.aspx?id=17056,"Sat, 25 Oct 2014",/event.aspx?642834,Nicola Koch
"Sandrainstrasse 25; 3007, Bern",17056, Gaskessel Bern,/club.aspx?id=17056,"Sat, 25 Oct 2014",/event.aspx?642834,Rico Rausch
"Sandrainstrasse 25; 3007, Bern",17056, Gaskessel Bern,/club.aspx?id=17056,"Sat, 20 Sep 2014",/event.aspx?629468,Mira
"Sandrainstrasse 25; 3007, Bern",17056, Gaskessel Bern,/club.aspx?id=17056,"Sat, 20 Sep 2014",/event.aspx?629468,Chris Schwarzwälder
"Sandrainstrasse 25; 3007, Bern",17056, Gaskessel Bern,/club.aspx?id=17056,"Sat, 20 Sep 2014",/event.aspx?629468,Vanita
"Sandrainstrasse 25; 3007, Bern",17056, Gaskessel Bern,/club.aspx?id=17056,"Sat, 20 Sep 2014",/event.aspx?629468,Das Balz
"Sandrainstrasse 25; 3007, Bern",17056, Gaskessel Bern,/club.aspx?id=17056,"Sat, 20 Sep 2014",/event.aspx?629468,Adrian Bergmann
"Sandrainstrasse 25; 3007, Bern",17056, Gaskessel Bern,/club.aspx?id=17056,"Sat, 6 Sep 2014",/event.aspx?608437,Marco Resmann
"Sandrainstrasse 25; 3007, Bern",17056, Gaskessel Bern,/club.aspx?id=17056,"Sat, 6 Sep 2014",/event.aspx?608437,Ruede Hagelstein
"Sandrainstrasse 25; 3007, Bern",17056, Gaskessel Bern,/club.aspx?id=17056,"Sat, 6 Sep 2014",/event.aspx?608437,La Fleur
"Sandrainstrasse 25; 3007, Bern",17056, Gaskessel Bern,/club.aspx?id=17056,"Sat, 6 Sep 2014",/event.aspx?608437,Animal Trainer
"Sandrainstrasse 25; 3007, Bern",17056, Gaskessel Bern,/club.aspx?id=17056,"Sat, 6 Sep 2014",/event.aspx?608437,Patrick Podage
"Sandrainstrasse 25; 3007, Bern",17056, Gaskessel Bern,/club.aspx?id=17056,"Sat, 5 Jul 2014",/event.aspx?601807,Alec Troniq
"Sandrainstrasse 25; 3007, Bern",17056, Gaskessel Bern,/club.aspx?id=17056,"Sat, 5 Jul 2014",/event.aspx?601807,Enzo Siffredi
"Sandrainstrasse 25; 3007, Bern",17056, Gaskessel Bern,/club.aspx?id=17056,"Sat, 31 May 2014",/event.aspx?593567,Kollektiv Ost
"Sandrainstrasse 25; 3007, Bern",17056, Gaskessel Bern,/club.aspx?id=17056,"Sat, 31 May 2014",/event.aspx?593567,German Lachs
"Sandrainstrasse 25; 3007, Bern",17056, Gaskessel Bern,/club.aspx?id=17056,"Sat, 31 May 2014",/event.aspx?593567,Rodri
"Sandrainstrasse 25; 3007, Bern",17056, Gaskessel Bern,/club.aspx?id=17056,"Sat, 3 May 2014",/event.aspx?581769,Christian Burkhardt
"Sandrainstrasse 25; 3007, Bern",17056, Gaskessel Bern,/club.aspx?id=17056,"Sat, 3 May 2014",/event.aspx?581769,Andri
"Sandrainstrasse 25; 3007, Bern",17056, Gaskessel Bern,/club.aspx?id=17056,"Sat, 3 May 2014",/event.aspx?581769,Rennie Røyma
"Sandrainstrasse 25; 3007, Bern",17056, Gaskessel Bern,/club.aspx?id=17056,"Sat, 3 May 2014",/event.aspx?581769,Kåre Kyl
"Sandrainstrasse 25; 3007, Bern",17056, Gaskessel Bern,/club.aspx?id=17056,"Sat, 3 May 2014",/event.aspx?581769,Rico Rausch
"Sandrainstrasse 25; 3007, Bern",17056, Gaskessel Bern,/club.aspx?id=17056,"Sat, 3 May 2014",/event.aspx?581769,Das Balz
"Sandrainstrasse 25; 3007, Bern",17056, Gaskessel Bern,/club.aspx?id=17056,"Sat, 26 Apr 2014",/event.aspx?576990,Louie Cut
"Sandrainstrasse 25; 3007, Bern",17056, Gaskessel Bern,/club.aspx?id=17056,"Sat, 26 Apr 2014",/event.aspx?576990,Teenage Mutants
"Sandrainstrasse 25; 3007, Bern",17056, Gaskessel Bern,/club.aspx?id=17056,"Sat, 26 Apr 2014",/event.aspx?576990,Skaos
"Sandrainstrasse 25; 3007, Bern",17056, Gaskessel Bern,/club.aspx?id=17056,"Fri, 25 Apr 2014",/event.aspx?576987,Thomas Schumacher
"Sandrainstrasse 25; 3007, Bern",17056, Gaskessel Bern,/club.aspx?id=17056,"Fri, 25 Apr 2014",/event.aspx?576987,KlangfabriK
"Sandrainstrasse 25; 3007, Bern",17056, Gaskessel Bern,/club.aspx?id=17056,"Fri, 25 Apr 2014",/event.aspx?576987,Le Bérger
"Sandrainstrasse 25; 3007, Bern",17056, Gaskessel Bern,/club.aspx?id=17056,"Sat, 22 Mar 2014",/event.aspx?570690,David Keno
"Sandrainstrasse 25; 3007, Bern",17056, Gaskessel Bern,/club.aspx?id=17056,"Sat, 22 Mar 2014",/event.aspx?570690,Beatamines
"Sandrainstrasse 25; 3007, Bern",17056, Gaskessel Bern,/club.aspx?id=17056,"Sat, 22 Mar 2014",/event.aspx?570690,Rico Rausch
"Sandrainstrasse 25; 3007, Bern",17056, Gaskessel Bern,/club.aspx?id=17056,"Sat, 1 Mar 2014",/event.aspx?537376,Umek
"Sandrainstrasse 25; 3007, Bern",17056, Gaskessel Bern,/club.aspx?id=17056,"Sat, 1 Mar 2014",/event.aspx?537376,Patrick Podage
"Sandrainstrasse 25; 3007, Bern",17056, Gaskessel Bern,/club.aspx?id=17056,"Sat, 1 Mar 2014",/event.aspx?537376,Skaos
"Sandrainstrasse 25; 3007, Bern",17056, Gaskessel Bern,/club.aspx?id=17056,"Sat, 8 Feb 2014",/event.aspx?545950,Dominik Eulberg
"Sandrainstrasse 25; 3007, Bern",17056, Gaskessel Bern,/club.aspx?id=17056,"Sat, 8 Feb 2014",/event.aspx?545950,Florian Rietze
"Sandrainstrasse 25; 3007, Bern",17056, Gaskessel Bern,/club.aspx?id=17056,"Sat, 8 Feb 2014",/event.aspx?545950,Rico Rausch
"Sandrainstrasse 25; 3007, Bern",17056, Gaskessel Bern,/club.aspx?id=17056,"Sat, 8 Feb 2014",/event.aspx?545950,Das Balz
"Sandrainstrasse 25; 3007, Bern",17056, Gaskessel Bern,/club.aspx?id=17056,"Sat, 25 Jan 2014",/event.aspx?552780,Mollono.Bass
"Sandrainstrasse 25; 3007, Bern",17056, Gaskessel Bern,/club.aspx?id=17056,"Sat, 25 Jan 2014",/event.aspx?552780,Bunte Bummler
"Sandrainstrasse 25; 3007, Bern",17056, Gaskessel Bern,/club.aspx?id=17056,"Sat, 14 Nov 2015",/event.aspx?771577,Disco Dave
"Sandrainstrasse 25; 3007, Bern",17056, Gaskessel Bern,/club.aspx?id=17056,"Sat, 14 Nov 2015",/event.aspx?771577,Markus Kenel
"Sandrainstrasse 25; 3007, Bern",17056, Gaskessel Bern,/club.aspx?id=17056,"Sat, 14 Nov 2015",/event.aspx?771577,Patrick Podage
"Sandrainstrasse 25; 3007, Bern",17056, Gaskessel Bern,/club.aspx?id=17056,"Sat, 14 Nov 2015",/event.aspx?771577,Pablo Einzig
"Sandrainstrasse 25; 3007, Bern",17056, Gaskessel Bern,/club.aspx?id=17056,"Sat, 14 Nov 2015",/event.aspx?771577,Rolf Saxer
"Sandrainstrasse 25; 3007, Bern",17056, Gaskessel Bern,/club.aspx?id=17056,"Sat, 31 Oct 2015",/event.aspx?759987,Brian Sanhaji
"Sandrainstrasse 25; 3007, Bern",17056, Gaskessel Bern,/club.aspx?id=17056,"Sat, 31 Oct 2015",/event.aspx?759987,Fredy S
"Sandrainstrasse 25; 3007, Bern",17056, Gaskessel Bern,/club.aspx?id=17056,"Sat, 31 Oct 2015",/event.aspx?759987,Louie Cut
"Sandrainstrasse 25; 3007, Bern",17056, Gaskessel Bern,/club.aspx?id=17056,"Sat, 17 Sep 2016",/event.aspx?879939,Patrick Podage
"Sandrainstrasse 25; 3007, Bern",17056, Gaskessel Bern,/club.aspx?id=17056,"Sat, 17 Sep 2016",/event.aspx?879939,Dr!ve
