artist_name,artist_url,event_venue.latitude,event_venue.city,event_datetime,event_venue.region,event_venue.id,event_venue.url,event_id,event_venue.name,event_venue.longitude,event_url
W.A.S.P.,http://www.bandsintown.com/W.A.S.P.,47.0445786,Lucerne,2009-07-01T20:00:00,LU,86008,http://www.bandsintown.com/venue/86008,2889049,Konzerthaus Schuur,8.3112497,http://www.bandsintown.com/event/2889049?app_id=epfl
Secret Chiefs 3,http://www.bandsintown.com/SecretChiefs3,46.203938,Geneva,2009-07-02T19:00:00,Geneva,119670,http://www.bandsintown.com/venue/119670,2868656,L'Usine / PTR,6.136453,http://www.bandsintown.com/event/2868656?app_id=epfl
KITSUNE,http://www.bandsintown.com/KITSUNE,47.3666667,Zurich,2009-07-02T20:00:00,25,647908,http://www.bandsintown.com/venue/647908,2762506,Two door cinema Club,8.55,http://www.bandsintown.com/event/2762506?app_id=epfl
Punks Jump Up,http://www.bandsintown.com/PunksJumpUp,47.3853683,Zurich,2009-07-02T23:00:00,ZH,547907,http://www.bandsintown.com/venue/547907,2565042,Hive Club,8.5204697,http://www.bandsintown.com/event/2565042?app_id=epfl
Beni,http://www.bandsintown.com/Beni,47.3853683,Zurich,2009-07-02T23:00:00,ZH,547907,http://www.bandsintown.com/venue/547907,2565042,Hive Club,8.5204697,http://www.bandsintown.com/event/2565042?app_id=epfl
Cleopatre,http://www.bandsintown.com/Cleopatre,46.2,Geneva,2009-07-03T20:00:00,07,343395,http://www.bandsintown.com/venue/343395,1337244,Arena Geneva,6.1666667,http://www.bandsintown.com/event/1337244?app_id=epfl
43rd Montreux Jazz Festival,http://www.bandsintown.com/43rdMontreuxJazzFestival,46.439312,Montreux,2009-07-03T20:00:00,Etr,343180,http://www.bandsintown.com/venue/343180,2043645,Auditorium Stravinski,6.904712,http://www.bandsintown.com/event/2043645?app_id=epfl
"""Montreux Jazz Festival""",http://www.bandsintown.com/%22montreuxJazzFestival%22,46.439312,Montreux,2009-07-03T20:00:00,Etr,343180,http://www.bandsintown.com/venue/343180,2043645,Auditorium Stravinski,6.904712,http://www.bandsintown.com/event/2043645?app_id=epfl
Charlie Morris,http://www.bandsintown.com/CharlieMorris,46.803741,Fribourg,2009-07-03T21:30:00,Switzerland,280391,http://www.bandsintown.com/venue/280391,2896861,Fribourg Jazz Parade,7.15368,http://www.bandsintown.com/event/2896861?app_id=epfl
Testament,http://www.bandsintown.com/Testament,47.3666667,Zurich,2009-07-03T20:00:00,25,647518,http://www.bandsintown.com/venue/647518,2761468,Soundock 14,8.55,http://www.bandsintown.com/event/2761468?app_id=epfl
Dave Matthews Band,http://www.bandsintown.com/DaveMatthewsBand,46.4333333,Montreux,2009-07-04T19:00:00,23,169978,http://www.bandsintown.com/venue/169978,2251632,Stravinski Auditorium,6.9166667,http://www.bandsintown.com/event/2251632?app_id=epfl
Chickenfoot,http://www.bandsintown.com/Chickenfoot,46.4333333,Montreux,2009-07-04T19:00:00,23,169978,http://www.bandsintown.com/venue/169978,2251632,Stravinski Auditorium,6.9166667,http://www.bandsintown.com/event/2251632?app_id=epfl
Steely Dan,http://www.bandsintown.com/SteelyDan,46.4333333,Montreux,2009-07-04T19:00:00,23,169978,http://www.bandsintown.com/venue/169978,2251632,Stravinski Auditorium,6.9166667,http://www.bandsintown.com/event/2251632?app_id=epfl
Johnny Hallyday,http://www.bandsintown.com/JohnnyHallyday,46.188135,Geneva,2009-07-04T19:00:00,Switzerland,309952,http://www.bandsintown.com/venue/309952,837092,STADE DE GENEVE,6.128395,http://www.bandsintown.com/event/837092?app_id=epfl
Mos Def,http://www.bandsintown.com/MosDef,46.439495,Montreux,2009-07-04T20:00:00,23,169977,http://www.bandsintown.com/venue/169977,2043655,Miles Davis Hall,6.904878,http://www.bandsintown.com/event/2043655?app_id=epfl
43rd Montreux Jazz Festival,http://www.bandsintown.com/43rdMontreuxJazzFestival,46.439495,Montreux,2009-07-04T20:00:00,23,169977,http://www.bandsintown.com/venue/169977,2043655,Miles Davis Hall,6.904878,http://www.bandsintown.com/event/2043655?app_id=epfl
"""Montreux Jazz Festival""",http://www.bandsintown.com/%22montreuxJazzFestival%22,46.439495,Montreux,2009-07-04T20:00:00,23,169977,http://www.bandsintown.com/venue/169977,2043655,Miles Davis Hall,6.904878,http://www.bandsintown.com/event/2043655?app_id=epfl
Cleopatre,http://www.bandsintown.com/Cleopatre,46.2,Geneva,2009-07-04T20:30:00,07,343395,http://www.bandsintown.com/venue/343395,1337246,Arena Geneva,6.1666667,http://www.bandsintown.com/event/1337246?app_id=epfl
Herbie Hancock,http://www.bandsintown.com/HerbieHancock,46.439312,Montreux,2009-07-05T20:00:00,Etr,343180,http://www.bandsintown.com/venue/343180,1942752,Auditorium Stravinski,6.904712,http://www.bandsintown.com/event/1942752?app_id=epfl
Emily Loizeau,http://www.bandsintown.com/EmilyLoizeau,46.439312,Montreux,2009-07-05T20:00:00,Etr,343180,http://www.bandsintown.com/venue/343180,1942752,Auditorium Stravinski,6.904712,http://www.bandsintown.com/event/1942752?app_id=epfl
Erased Tapes Records,http://www.bandsintown.com/ErasedTapesRecords,46.439312,Montreux,2009-07-05T20:00:00,Etr,343180,http://www.bandsintown.com/venue/343180,1942752,Auditorium Stravinski,6.904712,http://www.bandsintown.com/event/1942752?app_id=epfl
43rd Montreux Jazz Festival,http://www.bandsintown.com/43rdMontreuxJazzFestival,46.439312,Montreux,2009-07-05T20:00:00,Etr,343180,http://www.bandsintown.com/venue/343180,1942752,Auditorium Stravinski,6.904712,http://www.bandsintown.com/event/1942752?app_id=epfl
Pony Pony Run Run,http://www.bandsintown.com/PonyPonyRunRun,46.439312,Montreux,2009-07-05T20:00:00,Etr,343180,http://www.bandsintown.com/venue/343180,1942752,Auditorium Stravinski,6.904712,http://www.bandsintown.com/event/1942752?app_id=epfl
"""Montreux Jazz Festival""",http://www.bandsintown.com/%22montreuxJazzFestival%22,46.439312,Montreux,2009-07-05T20:00:00,Etr,343180,http://www.bandsintown.com/venue/343180,1942752,Auditorium Stravinski,6.904712,http://www.bandsintown.com/event/1942752?app_id=epfl
Parkway Drive,http://www.bandsintown.com/ParkwayDrive,47.32535,Forch,2009-07-05T13:00:00,Switzerland,577226,http://www.bandsintown.com/venue/577226,2204131,Roitzschjora GERMANY,8.650612,http://www.bandsintown.com/event/2204131?app_id=epfl
Jaci Velasquez,http://www.bandsintown.com/JaciVelasquez,47.3666667,Zurich,2009-07-05T20:00:00,25,648263,http://www.bandsintown.com/venue/648263,2763552,IEG Church,8.55,http://www.bandsintown.com/event/2763552?app_id=epfl
Anastacia,http://www.bandsintown.com/Anastacia,47.410675,Zurich,2009-07-05T20:00:00,25,170002,http://www.bandsintown.com/venue/170002,1933747,Hallenstadion,8.552307,http://www.bandsintown.com/event/1933747?app_id=epfl
Secret Chiefs 3,http://www.bandsintown.com/SecretChiefs3,46.8615737,Düdingen,2009-07-06T19:00:00,Canton Of Fribourg,323397,http://www.bandsintown.com/venue/323397,2868660,Bad Bonn,7.1801778,http://www.bandsintown.com/event/2868660?app_id=epfl
The Black Eyed Peas,http://www.bandsintown.com/TheBlackEyedPeas,46.439312,Montreux,2009-07-06T20:00:00,Etr,343180,http://www.bandsintown.com/venue/343180,2043669,Auditorium Stravinski,6.904712,http://www.bandsintown.com/event/2043669?app_id=epfl
43rd Montreux Jazz Festival,http://www.bandsintown.com/43rdMontreuxJazzFestival,46.439312,Montreux,2009-07-06T20:00:00,Etr,343180,http://www.bandsintown.com/venue/343180,2043669,Auditorium Stravinski,6.904712,http://www.bandsintown.com/event/2043669?app_id=epfl
Stanley Clarke,http://www.bandsintown.com/StanleyClarke,46.439312,Montreux,2009-07-06T20:00:00,Etr,343180,http://www.bandsintown.com/venue/343180,2043669,Auditorium Stravinski,6.904712,http://www.bandsintown.com/event/2043669?app_id=epfl
"""Montreux Jazz Festival""",http://www.bandsintown.com/%22montreuxJazzFestival%22,46.439312,Montreux,2009-07-06T20:00:00,Etr,343180,http://www.bandsintown.com/venue/343180,2043669,Auditorium Stravinski,6.904712,http://www.bandsintown.com/event/2043669?app_id=epfl
The Virgins,http://www.bandsintown.com/TheVirgins,46.4391918,Montreux,2009-07-06T20:00:00,23,95810,http://www.bandsintown.com/venue/95810,2888582,Montreux Jazz Festival,6.9046465,http://www.bandsintown.com/event/2888582?app_id=epfl
Victor Wooten,http://www.bandsintown.com/VictorWooten,46.4391918,Montreux,2009-07-06T20:00:00,23,95810,http://www.bandsintown.com/venue/95810,2888582,Montreux Jazz Festival,6.9046465,http://www.bandsintown.com/event/2888582?app_id=epfl
Time Machine,http://www.bandsintown.com/TimeMachine,46.50693,Lausanne,2009-07-06T20:00:00,Switzerland,664099,http://www.bandsintown.com/venue/664099,2862819,Quais d'Ouchy,6.626891,http://www.bandsintown.com/event/2862819?app_id=epfl
Judith Hermann,http://www.bandsintown.com/JudithHermann,47.3713799,Zurich,2009-07-06T19:00:00,ZH,497860,http://www.bandsintown.com/venue/497860,2494123,Kaufleutensaal,8.5359888,http://www.bandsintown.com/event/2494123?app_id=epfl
43rd Montreux Jazz Festival,http://www.bandsintown.com/43rdMontreuxJazzFestival,46.439495,Montreux,2009-07-07T20:00:00,23,169977,http://www.bandsintown.com/venue/169977,2043672,Miles Davis Hall,6.904878,http://www.bandsintown.com/event/2043672?app_id=epfl
"""Montreux Jazz Festival""",http://www.bandsintown.com/%22montreuxJazzFestival%22,46.439495,Montreux,2009-07-07T20:00:00,23,169977,http://www.bandsintown.com/venue/169977,2043672,Miles Davis Hall,6.904878,http://www.bandsintown.com/event/2043672?app_id=epfl
Lily Allen,http://www.bandsintown.com/LilyAllen,46.4391918,Montreux,2009-07-07T20:00:00,23,95810,http://www.bandsintown.com/venue/95810,2433730,Montreux Jazz Festival,6.9046465,http://www.bandsintown.com/event/2433730?app_id=epfl
Oliver Polak,http://www.bandsintown.com/OliverPolak,47.3713799,Zurich,2009-07-07T19:00:00,ZH,497860,http://www.bandsintown.com/venue/497860,2494104,Kaufleutensaal,8.5359888,http://www.bandsintown.com/event/2494104?app_id=epfl
Secret Chiefs 3,http://www.bandsintown.com/SecretChiefs3,47.0833333,Luzern,2009-07-07T19:00:00,11,298982,http://www.bandsintown.com/venue/298982,2868661,Sedel,8.2666667,http://www.bandsintown.com/event/2868661?app_id=epfl
MONO (Japan),http://www.bandsintown.com/Mono%28japan%29,47.362215,Zurich,2009-07-07T20:00:00,Switzerland,48122,http://www.bandsintown.com/venue/48122,2921400,Abart,8.522239,http://www.bandsintown.com/event/2921400?app_id=epfl
Alice Cooper,http://www.bandsintown.com/AliceCooper,46.4333333,Montreux,2009-07-08T19:00:00,23,169978,http://www.bandsintown.com/venue/169978,2795924,Stravinski Auditorium,6.9166667,http://www.bandsintown.com/event/2795924?app_id=epfl
43rd Montreux Jazz Festival,http://www.bandsintown.com/43rdMontreuxJazzFestival,46.439312,Montreux,2009-07-08T20:00:00,Etr,343180,http://www.bandsintown.com/venue/343180,2043679,Auditorium Stravinski,6.904712,http://www.bandsintown.com/event/2043679?app_id=epfl
Die Ärzte,http://www.bandsintown.com/Die%C3%84rzte,46.439312,Montreux,2009-07-08T20:00:00,Etr,343180,http://www.bandsintown.com/venue/343180,2043679,Auditorium Stravinski,6.904712,http://www.bandsintown.com/event/2043679?app_id=epfl
"""Montreux Jazz Festival""",http://www.bandsintown.com/%22montreuxJazzFestival%22,46.439312,Montreux,2009-07-08T20:00:00,Etr,343180,http://www.bandsintown.com/venue/343180,2043679,Auditorium Stravinski,6.904712,http://www.bandsintown.com/event/2043679?app_id=epfl
"""Live At Sunset""",http://www.bandsintown.com/%22liveAtSunset%22,47.3756104,Zurich,2009-07-08T19:00:00,ZH,306341,http://www.bandsintown.com/venue/306341,1958134,Dolder,8.5767298,http://www.bandsintown.com/event/1958134?app_id=epfl
Michael Franti & Spearhead,http://www.bandsintown.com/MichaelFrantiAndSpearhead,47.3666667,Zurich,2009-07-08T20:00:00,25,199636,http://www.bandsintown.com/venue/199636,2352969,Sommerbühne der Roten Fabrik,8.55,http://www.bandsintown.com/event/2352969?app_id=epfl
Cherine Anderson,http://www.bandsintown.com/CherineAnderson,47.3666667,Zurich,2009-07-08T20:00:00,25,199636,http://www.bandsintown.com/venue/199636,2352969,Sommerbühne der Roten Fabrik,8.55,http://www.bandsintown.com/event/2352969?app_id=epfl
UB40,http://www.bandsintown.com/UB40,47.3825,Gockhausen,2009-07-08T20:00:00,Switzerland,689311,http://www.bandsintown.com/venue/689311,2321307,Dolder Eisbahn,8.5793,http://www.bandsintown.com/event/2321307?app_id=epfl
Live at Sunset Festival,http://www.bandsintown.com/LiveAtSunsetFestival,47.3825,Gockhausen,2009-07-08T20:00:00,Switzerland,689311,http://www.bandsintown.com/venue/689311,2321307,Dolder Eisbahn,8.5793,http://www.bandsintown.com/event/2321307?app_id=epfl
Laura Pausini,http://www.bandsintown.com/LauraPausini,46.169264,Locarno,2009-07-08T20:30:00,Switzerland,686205,http://www.bandsintown.com/venue/686205,2041743,Piazza Grande di Locarno,8.794897,http://www.bandsintown.com/event/2041743?app_id=epfl
Stars 2009,http://www.bandsintown.com/Stars2009,46.169264,Locarno,2009-07-08T20:30:00,Switzerland,686205,http://www.bandsintown.com/venue/686205,2041743,Piazza Grande di Locarno,8.794897,http://www.bandsintown.com/event/2041743?app_id=epfl
Laura Pausini– Moon,http://www.bandsintown.com/LauraPausini%E2%80%93Moon,46.169264,Locarno,2009-07-08T20:30:00,Switzerland,686205,http://www.bandsintown.com/venue/686205,2041743,Piazza Grande di Locarno,8.794897,http://www.bandsintown.com/event/2041743?app_id=epfl
Moon,http://www.bandsintown.com/Moon,46.169264,Locarno,2009-07-08T20:30:00,Switzerland,686205,http://www.bandsintown.com/venue/686205,2041743,Piazza Grande di Locarno,8.794897,http://www.bandsintown.com/event/2041743?app_id=epfl
Stars Festival,http://www.bandsintown.com/StarsFestival,46.169264,Locarno,2009-07-08T20:30:00,Switzerland,686205,http://www.bandsintown.com/venue/686205,2041743,Piazza Grande di Locarno,8.794897,http://www.bandsintown.com/event/2041743?app_id=epfl
Steve Winwood,http://www.bandsintown.com/SteveWinwood,46.4333333,Montreux,2009-07-09T19:00:00,23,169978,http://www.bandsintown.com/venue/169978,2903787,Stravinski Auditorium,6.9166667,http://www.bandsintown.com/event/2903787?app_id=epfl
43rd Montreux Jazz Festival,http://www.bandsintown.com/43rdMontreuxJazzFestival,46.439495,Montreux,2009-07-09T20:00:00,23,169977,http://www.bandsintown.com/venue/169977,2043689,Miles Davis Hall,6.904878,http://www.bandsintown.com/event/2043689?app_id=epfl
"""Montreux Jazz Festival""",http://www.bandsintown.com/%22montreuxJazzFestival%22,46.439495,Montreux,2009-07-09T20:00:00,23,169977,http://www.bandsintown.com/venue/169977,2043689,Miles Davis Hall,6.904878,http://www.bandsintown.com/event/2043689?app_id=epfl
The Derek Trucks Band,http://www.bandsintown.com/TheDerekTrucksBand,46.4333333,Montreux,2009-07-09T20:00:00,23,693157,http://www.bandsintown.com/venue/693157,2911393,Stravinsky Auditorium,6.9166667,http://www.bandsintown.com/event/2911393?app_id=epfl
Tweek,http://www.bandsintown.com/Tweek,46.5213899,Lausanne,2009-07-09T21:00:00,VD,1130805,http://www.bandsintown.com/venue/1130805,8904568,Festival de la Cité,6.63617,http://www.bandsintown.com/event/8904568?app_id=epfl
The Dillinger Escape Plan,http://www.bandsintown.com/TheDillingerEscapePlan,47.547538,Basel,2009-07-09T19:00:00,Switzerland,293614,http://www.bandsintown.com/venue/293614,2730156,Sommercasino,7.598329,http://www.bandsintown.com/event/2730156?app_id=epfl
"""Live At Sunset""",http://www.bandsintown.com/%22liveAtSunset%22,47.3756104,Zurich,2009-07-09T19:00:00,ZH,306341,http://www.bandsintown.com/venue/306341,1958135,Dolder,8.5767298,http://www.bandsintown.com/event/1958135?app_id=epfl
Sepultura,http://www.bandsintown.com/Sepultura,47.4975354,Winterthur,2009-07-09T20:00:00,25,147243,http://www.bandsintown.com/venue/147243,2557490,Salzhaus,8.7222841,http://www.bandsintown.com/event/2557490?app_id=epfl
Simply Red,http://www.bandsintown.com/SimplyRed,47.37706,Zurich,2009-07-09T20:00:00,Switzerland,549042,http://www.bandsintown.com/venue/549042,1942740,The Sunset Festival,8.53955,http://www.bandsintown.com/event/1942740?app_id=epfl
Foreigner,http://www.bandsintown.com/Foreigner,46.169264,Locarno,2009-07-09T20:30:00,Switzerland,686205,http://www.bandsintown.com/venue/686205,1709532,Piazza Grande di Locarno,8.794897,http://www.bandsintown.com/event/1709532?app_id=epfl
Deep Purple,http://www.bandsintown.com/DeepPurple,46.169264,Locarno,2009-07-09T20:30:00,Switzerland,686205,http://www.bandsintown.com/venue/686205,1709532,Piazza Grande di Locarno,8.794897,http://www.bandsintown.com/event/1709532?app_id=epfl
"""Moon",http://www.bandsintown.com/%22Moon,46.169264,Locarno,2009-07-09T20:30:00,Switzerland,686205,http://www.bandsintown.com/venue/686205,1709532,Piazza Grande di Locarno,8.794897,http://www.bandsintown.com/event/1709532?app_id=epfl
"Stars Locarno""",http://www.bandsintown.com/StarsLocarno%22,46.169264,Locarno,2009-07-09T20:30:00,Switzerland,686205,http://www.bandsintown.com/venue/686205,1709532,Piazza Grande di Locarno,8.794897,http://www.bandsintown.com/event/1709532?app_id=epfl
Deep Purple – Moon,http://www.bandsintown.com/DeepPurple%E2%80%93Moon,46.169264,Locarno,2009-07-09T20:30:00,Switzerland,686205,http://www.bandsintown.com/venue/686205,1709532,Piazza Grande di Locarno,8.794897,http://www.bandsintown.com/event/1709532?app_id=epfl
Stars 2009,http://www.bandsintown.com/Stars2009,46.169264,Locarno,2009-07-09T20:30:00,Switzerland,686205,http://www.bandsintown.com/venue/686205,1709532,Piazza Grande di Locarno,8.794897,http://www.bandsintown.com/event/1709532?app_id=epfl
Moon,http://www.bandsintown.com/Moon,46.169264,Locarno,2009-07-09T20:30:00,Switzerland,686205,http://www.bandsintown.com/venue/686205,1709532,Piazza Grande di Locarno,8.794897,http://www.bandsintown.com/event/1709532?app_id=epfl
Stars Festival,http://www.bandsintown.com/StarsFestival,46.169264,Locarno,2009-07-09T20:30:00,Switzerland,686205,http://www.bandsintown.com/venue/686205,1709532,Piazza Grande di Locarno,8.794897,http://www.bandsintown.com/event/1709532?app_id=epfl
43rd Montreux Jazz Festival,http://www.bandsintown.com/43rdMontreuxJazzFestival,46.439312,Montreux,2009-07-10T20:00:00,Etr,343180,http://www.bandsintown.com/venue/343180,2043697,Auditorium Stravinski,6.904712,http://www.bandsintown.com/event/2043697?app_id=epfl
Mr. Lif,http://www.bandsintown.com/Mr.Lif,46.439312,Montreux,2009-07-10T20:00:00,Etr,343180,http://www.bandsintown.com/venue/343180,2043697,Auditorium Stravinski,6.904712,http://www.bandsintown.com/event/2043697?app_id=epfl
"""Montreux Jazz Festival""",http://www.bandsintown.com/%22montreuxJazzFestival%22,46.439312,Montreux,2009-07-10T20:00:00,Etr,343180,http://www.bandsintown.com/venue/343180,2043697,Auditorium Stravinski,6.904712,http://www.bandsintown.com/event/2043697?app_id=epfl
Kate Wax,http://www.bandsintown.com/KateWax,46.43169,Montreux,2009-07-10T20:00:00,Switzerland,697730,http://www.bandsintown.com/venue/697730,2919377,Summer Bazar,6.9105,http://www.bandsintown.com/event/2919377?app_id=epfl
Shaka Ponk,http://www.bandsintown.com/ShakaPonk,46.519595,Lausanne,2009-07-10T20:00:00,Switzerland,698359,http://www.bandsintown.com/venue/698359,2920702,FEST. DE LA CITE,6.632335,http://www.bandsintown.com/event/2920702?app_id=epfl
Time Machine,http://www.bandsintown.com/TimeMachine,46.43937,Montreux,2009-07-10T20:45:00,Switzerland,664102,http://www.bandsintown.com/venue/664102,2862823,Parc Vernex,6.903865,http://www.bandsintown.com/event/2862823?app_id=epfl
Openair Frauenfeld,http://www.bandsintown.com/OpenairFrauenfeld,47.5624565,.,2009-07-10T12:00:00,,580705,http://www.bandsintown.com/venue/580705,2233095,Grosse Allmend,8.8883133,http://www.bandsintown.com/event/2233095?app_id=epfl
Turbonegro,http://www.bandsintown.com/Turbonegro,47.55,Frauenfeld,2009-07-10T19:00:00,Switzerland,577558,http://www.bandsintown.com/venue/577558,2205270,Openair Frauenfeld,8.9,http://www.bandsintown.com/event/2205270?app_id=epfl
"""Live At Sunset""",http://www.bandsintown.com/%22liveAtSunset%22,47.3756104,Zurich,2009-07-10T19:00:00,ZH,306341,http://www.bandsintown.com/venue/306341,1958136,Dolder,8.5767298,http://www.bandsintown.com/event/1958136?app_id=epfl
Samy Deluxe,http://www.bandsintown.com/SamyDeluxe,47.42639,Sankt Gallen,2009-07-10T20:00:00,Switzerland,694071,http://www.bandsintown.com/venue/694071,2003657,Open Air Frauenfeld,9.373715,http://www.bandsintown.com/event/2003657?app_id=epfl
"""Moon",http://www.bandsintown.com/%22Moon,46.1695023,Locarno,2009-07-10T19:00:00,TI,169972,http://www.bandsintown.com/venue/169972,1979560,Piazza Grande,8.7967405,http://www.bandsintown.com/event/1979560?app_id=epfl
"Stars Locarno""",http://www.bandsintown.com/StarsLocarno%22,46.1695023,Locarno,2009-07-10T19:00:00,TI,169972,http://www.bandsintown.com/venue/169972,1979560,Piazza Grande,8.7967405,http://www.bandsintown.com/event/1979560?app_id=epfl
Simone,http://www.bandsintown.com/Simone,46.4333333,Montreux,2009-07-11T19:00:00,23,169978,http://www.bandsintown.com/venue/169978,2643420,Stravinski Auditorium,6.9166667,http://www.bandsintown.com/event/2643420?app_id=epfl
43rd Montreux Jazz Festival,http://www.bandsintown.com/43rdMontreuxJazzFestival,46.439312,Montreux,2009-07-11T20:00:00,Etr,343180,http://www.bandsintown.com/venue/343180,2043703,Auditorium Stravinski,6.904712,http://www.bandsintown.com/event/2043703?app_id=epfl
"""Montreux Jazz Festival""",http://www.bandsintown.com/%22montreuxJazzFestival%22,46.439312,Montreux,2009-07-11T20:00:00,Etr,343180,http://www.bandsintown.com/venue/343180,2043703,Auditorium Stravinski,6.904712,http://www.bandsintown.com/event/2043703?app_id=epfl
SMOD,http://www.bandsintown.com/SMOD,46.519588,Lausanne,2009-07-11T20:00:00,Switzerland,699050,http://www.bandsintown.com/venue/699050,2922118,Festival de la Cité Lausanne,6.63233,http://www.bandsintown.com/event/2922118?app_id=epfl
Openair Frauenfeld,http://www.bandsintown.com/OpenairFrauenfeld,47.5624565,.,2009-07-11T10:00:00,,580705,http://www.bandsintown.com/venue/580705,2233108,Grosse Allmend,8.8883133,http://www.bandsintown.com/event/2233108?app_id=epfl
"""Live At Sunset""",http://www.bandsintown.com/%22liveAtSunset%22,47.3756104,Zurich,2009-07-11T19:00:00,ZH,306341,http://www.bandsintown.com/venue/306341,1958137,Dolder,8.5767298,http://www.bandsintown.com/event/1958137?app_id=epfl
Calexico,http://www.bandsintown.com/Calexico,47.574961,Riehen,2009-07-11T20:00:00,04,678164,http://www.bandsintown.com/venue/678164,2887316,Wenkenpark,7.6529054,http://www.bandsintown.com/event/2887316?app_id=epfl
Dendemann,http://www.bandsintown.com/Dendemann,47.555489,Frauenfeld,2009-07-11T22:00:00,Switzerland,699081,http://www.bandsintown.com/venue/699081,2922186,Frauenfeld Open Air Festival,8.89723,http://www.bandsintown.com/event/2922186?app_id=epfl
"""Moon",http://www.bandsintown.com/%22Moon,46.1695023,Locarno,2009-07-11T20:30:00,TI,169972,http://www.bandsintown.com/venue/169972,1979561,Piazza Grande,8.7967405,http://www.bandsintown.com/event/1979561?app_id=epfl
"Stars Locarno""",http://www.bandsintown.com/StarsLocarno%22,46.1695023,Locarno,2009-07-11T20:30:00,TI,169972,http://www.bandsintown.com/venue/169972,1979561,Piazza Grande,8.7967405,http://www.bandsintown.com/event/1979561?app_id=epfl
Stars 2009,http://www.bandsintown.com/Stars2009,46.1695023,Locarno,2009-07-11T20:30:00,TI,169972,http://www.bandsintown.com/venue/169972,1979561,Piazza Grande,8.7967405,http://www.bandsintown.com/event/1979561?app_id=epfl
Moon,http://www.bandsintown.com/Moon,46.1695023,Locarno,2009-07-11T20:30:00,TI,169972,http://www.bandsintown.com/venue/169972,1979561,Piazza Grande,8.7967405,http://www.bandsintown.com/event/1979561?app_id=epfl
Stars Festival,http://www.bandsintown.com/StarsFestival,46.1695023,Locarno,2009-07-11T20:30:00,TI,169972,http://www.bandsintown.com/venue/169972,1979561,Piazza Grande,8.7967405,http://www.bandsintown.com/event/1979561?app_id=epfl
GÖLÄ – Moon,http://www.bandsintown.com/G%C3%96l%C3%84%E2%80%93Moon,46.1695023,Locarno,2009-07-11T20:30:00,TI,169972,http://www.bandsintown.com/venue/169972,1979561,Piazza Grande,8.7967405,http://www.bandsintown.com/event/1979561?app_id=epfl
Susan Tedeschi,http://www.bandsintown.com/SusanTedeschi,46.4333333,Montreux,2009-07-12T19:00:00,23,169978,http://www.bandsintown.com/venue/169978,2643374,Stravinski Auditorium,6.9166667,http://www.bandsintown.com/event/2643374?app_id=epfl
B.B. King ,http://www.bandsintown.com/B.b.King,46.439312,Montreux,2009-07-12T20:00:00,Etr,343180,http://www.bandsintown.com/venue/343180,1787198,Auditorium Stravinski,6.904712,http://www.bandsintown.com/event/1787198?app_id=epfl
Sly & Robbie,http://www.bandsintown.com/SlyAndRobbie,46.439312,Montreux,2009-07-12T20:00:00,Etr,343180,http://www.bandsintown.com/venue/343180,1787198,Auditorium Stravinski,6.904712,http://www.bandsintown.com/event/1787198?app_id=epfl
Dr. Israel,http://www.bandsintown.com/Dr.Israel,46.439312,Montreux,2009-07-12T20:00:00,Etr,343180,http://www.bandsintown.com/venue/343180,1787198,Auditorium Stravinski,6.904712,http://www.bandsintown.com/event/1787198?app_id=epfl
43rd Montreux Jazz Festival,http://www.bandsintown.com/43rdMontreuxJazzFestival,46.439312,Montreux,2009-07-12T20:00:00,Etr,343180,http://www.bandsintown.com/venue/343180,1787198,Auditorium Stravinski,6.904712,http://www.bandsintown.com/event/1787198?app_id=epfl
"""Montreux Jazz Festival""",http://www.bandsintown.com/%22montreuxJazzFestival%22,46.439312,Montreux,2009-07-12T20:00:00,Etr,343180,http://www.bandsintown.com/venue/343180,1787198,Auditorium Stravinski,6.904712,http://www.bandsintown.com/event/1787198?app_id=epfl
Openair Frauenfeld,http://www.bandsintown.com/OpenairFrauenfeld,47.5624565,.,2009-07-12T09:00:00,,580705,http://www.bandsintown.com/venue/580705,2233117,Grosse Allmend,8.8883133,http://www.bandsintown.com/event/2233117?app_id=epfl
N.E.R.D.,http://www.bandsintown.com/N.E.R.D.,47.55,Frauenfeld,2009-07-12T19:00:00,19,306310,http://www.bandsintown.com/venue/306310,2874177,Festival Grounds,8.9,http://www.bandsintown.com/event/2874177?app_id=epfl
Lil��� Wayne,http://www.bandsintown.com/Lil%EF%BF%BD%EF%BF%BD%EF%BF%BDWayne,47.55,Frauenfeld,2009-07-12T19:00:00,19,306310,http://www.bandsintown.com/venue/306310,2874177,Festival Grounds,8.9,http://www.bandsintown.com/event/2874177?app_id=epfl
Simple Minds,http://www.bandsintown.com/SimpleMinds,47.3756104,Zurich,2009-07-12T19:00:00,ZH,306341,http://www.bandsintown.com/venue/306341,1958138,Dolder,8.5767298,http://www.bandsintown.com/event/1958138?app_id=epfl
"""Live At Sunset""",http://www.bandsintown.com/%22liveAtSunset%22,47.3756104,Zurich,2009-07-12T19:00:00,ZH,306341,http://www.bandsintown.com/venue/306341,1958138,Dolder,8.5767298,http://www.bandsintown.com/event/1958138?app_id=epfl
Gloria Estefan,http://www.bandsintown.com/GloriaEstefan,46.1695023,Locarno,2009-07-12T20:30:00,TI,169972,http://www.bandsintown.com/venue/169972,1979562,Piazza Grande,8.7967405,http://www.bandsintown.com/event/1979562?app_id=epfl
"""Moon",http://www.bandsintown.com/%22Moon,46.1695023,Locarno,2009-07-12T20:30:00,TI,169972,http://www.bandsintown.com/venue/169972,1979562,Piazza Grande,8.7967405,http://www.bandsintown.com/event/1979562?app_id=epfl
"Stars Locarno""",http://www.bandsintown.com/StarsLocarno%22,46.1695023,Locarno,2009-07-12T20:30:00,TI,169972,http://www.bandsintown.com/venue/169972,1979562,Piazza Grande,8.7967405,http://www.bandsintown.com/event/1979562?app_id=epfl
Stars 2009,http://www.bandsintown.com/Stars2009,46.1695023,Locarno,2009-07-12T20:30:00,TI,169972,http://www.bandsintown.com/venue/169972,1979562,Piazza Grande,8.7967405,http://www.bandsintown.com/event/1979562?app_id=epfl
Moon,http://www.bandsintown.com/Moon,46.1695023,Locarno,2009-07-12T20:30:00,TI,169972,http://www.bandsintown.com/venue/169972,1979562,Piazza Grande,8.7967405,http://www.bandsintown.com/event/1979562?app_id=epfl
Stars Festival,http://www.bandsintown.com/StarsFestival,46.1695023,Locarno,2009-07-12T20:30:00,TI,169972,http://www.bandsintown.com/venue/169972,1979562,Piazza Grande,8.7967405,http://www.bandsintown.com/event/1979562?app_id=epfl
Gloria Estefan – Moon,http://www.bandsintown.com/GloriaEstefan%E2%80%93Moon,46.1695023,Locarno,2009-07-12T20:30:00,TI,169972,http://www.bandsintown.com/venue/169972,1979562,Piazza Grande,8.7967405,http://www.bandsintown.com/event/1979562?app_id=epfl
43rd Montreux Jazz Festival,http://www.bandsintown.com/43rdMontreuxJazzFestival,46.439495,Montreux,2009-07-13T20:00:00,23,169977,http://www.bandsintown.com/venue/169977,2043720,Miles Davis Hall,6.904878,http://www.bandsintown.com/event/2043720?app_id=epfl
"""Montreux Jazz Festival""",http://www.bandsintown.com/%22montreuxJazzFestival%22,46.439495,Montreux,2009-07-13T20:00:00,23,169977,http://www.bandsintown.com/venue/169977,2043720,Miles Davis Hall,6.904878,http://www.bandsintown.com/event/2043720?app_id=epfl
"""Live At Sunset""",http://www.bandsintown.com/%22liveAtSunset%22,47.3756104,Zurich,2009-07-13T19:00:00,ZH,306341,http://www.bandsintown.com/venue/306341,1958139,Dolder,8.5767298,http://www.bandsintown.com/event/1958139?app_id=epfl
Amy Macdonald,http://www.bandsintown.com/AmyMacdonald,47.3825,Gockhausen,2009-07-13T20:30:00,Switzerland,689311,http://www.bandsintown.com/venue/689311,1934713,Dolder Eisbahn,8.5793,http://www.bandsintown.com/event/1934713?app_id=epfl
Paolo Nutini,http://www.bandsintown.com/PaoloNutini,46.1695023,Locarno,2009-07-13T20:30:00,TI,169972,http://www.bandsintown.com/venue/169972,1979563,Piazza Grande,8.7967405,http://www.bandsintown.com/event/1979563?app_id=epfl
"""Moon",http://www.bandsintown.com/%22Moon,46.1695023,Locarno,2009-07-13T20:30:00,TI,169972,http://www.bandsintown.com/venue/169972,1979563,Piazza Grande,8.7967405,http://www.bandsintown.com/event/1979563?app_id=epfl
"Stars Locarno""",http://www.bandsintown.com/StarsLocarno%22,46.1695023,Locarno,2009-07-13T20:30:00,TI,169972,http://www.bandsintown.com/venue/169972,1979563,Piazza Grande,8.7967405,http://www.bandsintown.com/event/1979563?app_id=epfl
Stars 2009,http://www.bandsintown.com/Stars2009,46.1695023,Locarno,2009-07-13T20:30:00,TI,169972,http://www.bandsintown.com/venue/169972,1979563,Piazza Grande,8.7967405,http://www.bandsintown.com/event/1979563?app_id=epfl
Moon,http://www.bandsintown.com/Moon,46.1695023,Locarno,2009-07-13T20:30:00,TI,169972,http://www.bandsintown.com/venue/169972,1979563,Piazza Grande,8.7967405,http://www.bandsintown.com/event/1979563?app_id=epfl
Stars Festival,http://www.bandsintown.com/StarsFestival,46.1695023,Locarno,2009-07-13T20:30:00,TI,169972,http://www.bandsintown.com/venue/169972,1979563,Piazza Grande,8.7967405,http://www.bandsintown.com/event/1979563?app_id=epfl
Duffy – Moon,http://www.bandsintown.com/Duffy%E2%80%93Moon,46.1695023,Locarno,2009-07-13T20:30:00,TI,169972,http://www.bandsintown.com/venue/169972,1979563,Piazza Grande,8.7967405,http://www.bandsintown.com/event/1979563?app_id=epfl
Bettye LaVette,http://www.bandsintown.com/BettyeLavette,46.4333333,Montreux,2009-07-14T19:00:00,23,169978,http://www.bandsintown.com/venue/169978,2697052,Stravinski Auditorium,6.9166667,http://www.bandsintown.com/event/2697052?app_id=epfl
The Blind Boys of Alabama,http://www.bandsintown.com/TheBlindBoysOfAlabama,46.4333333,Montreux,2009-07-14T19:00:00,23,169978,http://www.bandsintown.com/venue/169978,2697052,Stravinski Auditorium,6.9166667,http://www.bandsintown.com/event/2697052?app_id=epfl
Solomon Burke,http://www.bandsintown.com/SolomonBurke,46.4333333,Montreux,2009-07-14T19:00:00,23,169978,http://www.bandsintown.com/venue/169978,2697052,Stravinski Auditorium,6.9166667,http://www.bandsintown.com/event/2697052?app_id=epfl
John Scofield,http://www.bandsintown.com/JohnScofield,46.439495,Montreux,2009-07-14T20:00:00,23,169977,http://www.bandsintown.com/venue/169977,1992343,Miles Davis Hall,6.904878,http://www.bandsintown.com/event/1992343?app_id=epfl
McCoy Tyner,http://www.bandsintown.com/MccoyTyner,46.439495,Montreux,2009-07-14T20:00:00,23,169977,http://www.bandsintown.com/venue/169977,1992343,Miles Davis Hall,6.904878,http://www.bandsintown.com/event/1992343?app_id=epfl
43rd Montreux Jazz Festival,http://www.bandsintown.com/43rdMontreuxJazzFestival,46.439495,Montreux,2009-07-14T20:00:00,23,169977,http://www.bandsintown.com/venue/169977,1992343,Miles Davis Hall,6.904878,http://www.bandsintown.com/event/1992343?app_id=epfl
"""Montreux Jazz Festival""",http://www.bandsintown.com/%22montreuxJazzFestival%22,46.439495,Montreux,2009-07-14T20:00:00,23,169977,http://www.bandsintown.com/venue/169977,1992343,Miles Davis Hall,6.904878,http://www.bandsintown.com/event/1992343?app_id=epfl
Bill Frisell,http://www.bandsintown.com/BillFrisell,46.439495,Montreux,2009-07-14T20:00:00,23,169977,http://www.bandsintown.com/venue/169977,1992343,Miles Davis Hall,6.904878,http://www.bandsintown.com/event/1992343?app_id=epfl
"""Live At Sunset""",http://www.bandsintown.com/%22liveAtSunset%22,47.3756104,Zurich,2009-07-14T19:00:00,ZH,306341,http://www.bandsintown.com/venue/306341,1958140,Dolder,8.5767298,http://www.bandsintown.com/event/1958140?app_id=epfl
The Kooks,http://www.bandsintown.com/TheKooks,46.1695023,Locarno,2009-07-14T20:30:00,TI,169972,http://www.bandsintown.com/venue/169972,1979564,Piazza Grande,8.7967405,http://www.bandsintown.com/event/1979564?app_id=epfl
"""Moon",http://www.bandsintown.com/%22Moon,46.1695023,Locarno,2009-07-14T20:30:00,TI,169972,http://www.bandsintown.com/venue/169972,1979564,Piazza Grande,8.7967405,http://www.bandsintown.com/event/1979564?app_id=epfl
"Stars Locarno""",http://www.bandsintown.com/StarsLocarno%22,46.1695023,Locarno,2009-07-14T20:30:00,TI,169972,http://www.bandsintown.com/venue/169972,1979564,Piazza Grande,8.7967405,http://www.bandsintown.com/event/1979564?app_id=epfl
Stars 2009,http://www.bandsintown.com/Stars2009,46.1695023,Locarno,2009-07-14T20:30:00,TI,169972,http://www.bandsintown.com/venue/169972,1979564,Piazza Grande,8.7967405,http://www.bandsintown.com/event/1979564?app_id=epfl
Amy MacDonald – Moon,http://www.bandsintown.com/AmyMacdonald%E2%80%93Moon,46.1695023,Locarno,2009-07-14T20:30:00,TI,169972,http://www.bandsintown.com/venue/169972,1979564,Piazza Grande,8.7967405,http://www.bandsintown.com/event/1979564?app_id=epfl
Moon,http://www.bandsintown.com/Moon,46.1695023,Locarno,2009-07-14T20:30:00,TI,169972,http://www.bandsintown.com/venue/169972,1979564,Piazza Grande,8.7967405,http://www.bandsintown.com/event/1979564?app_id=epfl
Stars Festival,http://www.bandsintown.com/StarsFestival,46.1695023,Locarno,2009-07-14T20:30:00,TI,169972,http://www.bandsintown.com/venue/169972,1979564,Piazza Grande,8.7967405,http://www.bandsintown.com/event/1979564?app_id=epfl
Antony and the Johnsons,http://www.bandsintown.com/AntonyAndTheJohnsons,46.439495,Montreux,2009-07-15T20:00:00,23,169977,http://www.bandsintown.com/venue/169977,2043727,Miles Davis Hall,6.904878,http://www.bandsintown.com/event/2043727?app_id=epfl
43rd Montreux Jazz Festival,http://www.bandsintown.com/43rdMontreuxJazzFestival,46.439495,Montreux,2009-07-15T20:00:00,23,169977,http://www.bandsintown.com/venue/169977,2043727,Miles Davis Hall,6.904878,http://www.bandsintown.com/event/2043727?app_id=epfl
Kool & The Gang,http://www.bandsintown.com/KoolAndTheGang,46.439495,Montreux,2009-07-15T20:00:00,23,169977,http://www.bandsintown.com/venue/169977,2043727,Miles Davis Hall,6.904878,http://www.bandsintown.com/event/2043727?app_id=epfl
Ray Parker Jr.,http://www.bandsintown.com/RayParkerJr.,46.439495,Montreux,2009-07-15T20:00:00,23,169977,http://www.bandsintown.com/venue/169977,2043727,Miles Davis Hall,6.904878,http://www.bandsintown.com/event/2043727?app_id=epfl
"""Montreux Jazz Festival""",http://www.bandsintown.com/%22montreuxJazzFestival%22,46.439495,Montreux,2009-07-15T20:00:00,23,169977,http://www.bandsintown.com/venue/169977,2043727,Miles Davis Hall,6.904878,http://www.bandsintown.com/event/2043727?app_id=epfl
"Earth, Wind & Fire",http://www.bandsintown.com/Earth%2CWindAndFire,46.439495,Montreux,2009-07-15T20:00:00,23,169977,http://www.bandsintown.com/venue/169977,2043727,Miles Davis Hall,6.904878,http://www.bandsintown.com/event/2043727?app_id=epfl
"""Live At Sunset""",http://www.bandsintown.com/%22liveAtSunset%22,47.3756104,Zurich,2009-07-15T19:00:00,ZH,306341,http://www.bandsintown.com/venue/306341,1958141,Dolder,8.5767298,http://www.bandsintown.com/event/1958141?app_id=epfl
Portugal. The Man,http://www.bandsintown.com/Portugal.TheMan,47.3666667,Zurich,2009-07-15T20:00:00,25,199636,http://www.bandsintown.com/venue/199636,2764299,Sommerbühne der Roten Fabrik,8.55,http://www.bandsintown.com/event/2764299?app_id=epfl
Patricia Kaas,http://www.bandsintown.com/PatriciaKaas,47.3825,Gockhausen,2009-07-15T20:00:00,Switzerland,689311,http://www.bandsintown.com/venue/689311,2321370,Dolder Eisbahn,8.5793,http://www.bandsintown.com/event/2321370?app_id=epfl
Live at Sunset Festival,http://www.bandsintown.com/LiveAtSunsetFestival,47.3825,Gockhausen,2009-07-15T20:00:00,Switzerland,689311,http://www.bandsintown.com/venue/689311,2321370,Dolder Eisbahn,8.5793,http://www.bandsintown.com/event/2321370?app_id=epfl
Tracy Chapman,http://www.bandsintown.com/TracyChapman,46.1695023,Locarno,2009-07-15T20:30:00,TI,169972,http://www.bandsintown.com/venue/169972,1979565,Piazza Grande,8.7967405,http://www.bandsintown.com/event/1979565?app_id=epfl
"""Moon",http://www.bandsintown.com/%22Moon,46.1695023,Locarno,2009-07-15T20:30:00,TI,169972,http://www.bandsintown.com/venue/169972,1979565,Piazza Grande,8.7967405,http://www.bandsintown.com/event/1979565?app_id=epfl
"Stars Locarno""",http://www.bandsintown.com/StarsLocarno%22,46.1695023,Locarno,2009-07-15T20:30:00,TI,169972,http://www.bandsintown.com/venue/169972,1979565,Piazza Grande,8.7967405,http://www.bandsintown.com/event/1979565?app_id=epfl
Stars 2009,http://www.bandsintown.com/Stars2009,46.1695023,Locarno,2009-07-15T20:30:00,TI,169972,http://www.bandsintown.com/venue/169972,1979565,Piazza Grande,8.7967405,http://www.bandsintown.com/event/1979565?app_id=epfl
Tracy Chapman – Moon,http://www.bandsintown.com/TracyChapman%E2%80%93Moon,46.1695023,Locarno,2009-07-15T20:30:00,TI,169972,http://www.bandsintown.com/venue/169972,1979565,Piazza Grande,8.7967405,http://www.bandsintown.com/event/1979565?app_id=epfl
Moon,http://www.bandsintown.com/Moon,46.1695023,Locarno,2009-07-15T20:30:00,TI,169972,http://www.bandsintown.com/venue/169972,1979565,Piazza Grande,8.7967405,http://www.bandsintown.com/event/1979565?app_id=epfl
Stars Festival,http://www.bandsintown.com/StarsFestival,46.1695023,Locarno,2009-07-15T20:30:00,TI,169972,http://www.bandsintown.com/venue/169972,1979565,Piazza Grande,8.7967405,http://www.bandsintown.com/event/1979565?app_id=epfl
John Fogerty,http://www.bandsintown.com/JohnFogerty,46.4333333,Montreux,2009-07-16T19:00:00,23,169978,http://www.bandsintown.com/venue/169978,2043731,Stravinski Auditorium,6.9166667,http://www.bandsintown.com/event/2043731?app_id=epfl
43rd Montreux Jazz Festival,http://www.bandsintown.com/43rdMontreuxJazzFestival,46.4333333,Montreux,2009-07-16T19:00:00,23,169978,http://www.bandsintown.com/venue/169978,2043731,Stravinski Auditorium,6.9166667,http://www.bandsintown.com/event/2043731?app_id=epfl
Allen Toussaint,http://www.bandsintown.com/AllenToussaint,46.4333333,Montreux,2009-07-16T19:00:00,23,169978,http://www.bandsintown.com/venue/169978,2043731,Stravinski Auditorium,6.9166667,http://www.bandsintown.com/event/2043731?app_id=epfl
Status Quo,http://www.bandsintown.com/StatusQuo,46.4333333,Montreux,2009-07-16T19:00:00,23,169978,http://www.bandsintown.com/venue/169978,2043731,Stravinski Auditorium,6.9166667,http://www.bandsintown.com/event/2043731?app_id=epfl
Daniel Powter,http://www.bandsintown.com/DanielPowter,46.4333333,Montreux,2009-07-16T19:00:00,23,169978,http://www.bandsintown.com/venue/169978,2043731,Stravinski Auditorium,6.9166667,http://www.bandsintown.com/event/2043731?app_id=epfl
"""Montreux Jazz Festival""",http://www.bandsintown.com/%22montreuxJazzFestival%22,46.4333333,Montreux,2009-07-16T19:00:00,23,169978,http://www.bandsintown.com/venue/169978,2043731,Stravinski Auditorium,6.9166667,http://www.bandsintown.com/event/2043731?app_id=epfl
Funkagenda,http://www.bandsintown.com/Funkagenda,46.4391918,Montreux,2009-07-16T20:00:00,23,95810,http://www.bandsintown.com/venue/95810,2926414,Montreux Jazz Festival,6.9046465,http://www.bandsintown.com/event/2926414?app_id=epfl
Gurtenfestival 2009,http://www.bandsintown.com/Gurtenfestival2009,46.9472475,Bern,2009-07-16T12:00:00,05,665498,http://www.bandsintown.com/venue/665498,2865000,Gurten,7.4515861,http://www.bandsintown.com/event/2865000?app_id=epfl
Dropkick Murphys,http://www.bandsintown.com/DropkickMurphys,46.9555206,Bern,2009-07-16T20:00:00,05,169949,http://www.bandsintown.com/venue/169949,2503681,Gurtenfestival,7.4346972,http://www.bandsintown.com/event/2503681?app_id=epfl
The Gaslight Anthem,http://www.bandsintown.com/TheGaslightAnthem,46.9555206,Bern,2009-07-16T20:00:00,05,169949,http://www.bandsintown.com/venue/169949,2503681,Gurtenfestival,7.4346972,http://www.bandsintown.com/event/2503681?app_id=epfl
Metallica,http://www.bandsintown.com/Metallica,47.302299,Roches,2009-07-16T20:00:00,Switzerland,670949,http://www.bandsintown.com/venue/670949,2908634,Hallenstadion,7.37737,http://www.bandsintown.com/event/2908634?app_id=epfl
Roy Paci & Aretuska,http://www.bandsintown.com/RoyPaciAndAretuska,46.756962,Thun,2009-07-16T22:00:00,Switzerland,700314,http://www.bandsintown.com/venue/700314,2924552,Cosmic Festival,7.63018,http://www.bandsintown.com/event/2924552?app_id=epfl
"""Live At Sunset""",http://www.bandsintown.com/%22liveAtSunset%22,47.3756104,Zurich,2009-07-16T19:00:00,ZH,306341,http://www.bandsintown.com/venue/306341,1958142,Dolder,8.5767298,http://www.bandsintown.com/event/1958142?app_id=epfl
David Garrett,http://www.bandsintown.com/DavidGarrett,47.3756104,Zurich,2009-07-16T19:00:00,ZH,306341,http://www.bandsintown.com/venue/306341,1958142,Dolder,8.5767298,http://www.bandsintown.com/event/1958142?app_id=epfl
Gossip,http://www.bandsintown.com/Gossip,47.371722,Zurich,2009-07-16T20:00:00,Switzerland,44952,http://www.bandsintown.com/venue/44952,2822972,Kaufleuten,8.536468,http://www.bandsintown.com/event/2822972?app_id=epfl
Lamb of God,http://www.bandsintown.com/LambOfGod,47.410675,Zurich,2009-07-16T20:00:00,25,170002,http://www.bandsintown.com/venue/170002,2872440,Hallenstadion,8.552307,http://www.bandsintown.com/event/2872440?app_id=epfl
Mastodon,http://www.bandsintown.com/Mastodon,47.410675,Zurich,2009-07-16T20:00:00,25,170002,http://www.bandsintown.com/venue/170002,2872440,Hallenstadion,8.552307,http://www.bandsintown.com/event/2872440?app_id=epfl
Buraka Som Sistema,http://www.bandsintown.com/BurakaSomSistema,47.3666667,Zurich,2009-07-16T20:00:00,25,699554,http://www.bandsintown.com/venue/699554,2923145,POOLBAR FESTIVAL,8.55,http://www.bandsintown.com/event/2923145?app_id=epfl
"""Moon",http://www.bandsintown.com/%22Moon,46.1695023,Locarno,2009-07-16T20:30:00,TI,169972,http://www.bandsintown.com/venue/169972,1979566,Piazza Grande,8.7967405,http://www.bandsintown.com/event/1979566?app_id=epfl
"Stars Locarno""",http://www.bandsintown.com/StarsLocarno%22,46.1695023,Locarno,2009-07-16T20:30:00,TI,169972,http://www.bandsintown.com/venue/169972,1979566,Piazza Grande,8.7967405,http://www.bandsintown.com/event/1979566?app_id=epfl
Moon,http://www.bandsintown.com/Moon,46.1695023,Locarno,2009-07-16T20:30:00,TI,169972,http://www.bandsintown.com/venue/169972,1979566,Piazza Grande,8.7967405,http://www.bandsintown.com/event/1979566?app_id=epfl
Stars Festival,http://www.bandsintown.com/StarsFestival,46.1695023,Locarno,2009-07-16T20:30:00,TI,169972,http://www.bandsintown.com/venue/169972,1979566,Piazza Grande,8.7967405,http://www.bandsintown.com/event/1979566?app_id=epfl
Melody Gardot,http://www.bandsintown.com/MelodyGardot,46.4333333,Montreux,2009-07-17T19:00:00,23,169978,http://www.bandsintown.com/venue/169978,2668886,Stravinski Auditorium,6.9166667,http://www.bandsintown.com/event/2668886?app_id=epfl
Seal,http://www.bandsintown.com/Seal,46.4333333,Montreux,2009-07-17T19:00:00,23,169978,http://www.bandsintown.com/venue/169978,2668886,Stravinski Auditorium,6.9166667,http://www.bandsintown.com/event/2668886?app_id=epfl
Hotel,http://www.bandsintown.com/Hotel,46.71677,Lussy,2009-07-17T20:00:00,Switzerland,554770,http://www.bandsintown.com/venue/554770,2004295,20ème FESTIVAL DES JEUNESSES GLANOISES avec Tafta,6.94857,http://www.bandsintown.com/event/2004295?app_id=epfl
43rd Montreux Jazz Festival,http://www.bandsintown.com/43rdMontreuxJazzFestival,46.439495,Montreux,2009-07-17T20:00:00,23,169977,http://www.bandsintown.com/venue/169977,2043736,Miles Davis Hall,6.904878,http://www.bandsintown.com/event/2043736?app_id=epfl
Meldoy Gardot,http://www.bandsintown.com/MeldoyGardot,46.439495,Montreux,2009-07-17T20:00:00,23,169977,http://www.bandsintown.com/venue/169977,2043736,Miles Davis Hall,6.904878,http://www.bandsintown.com/event/2043736?app_id=epfl
Jeff Beck,http://www.bandsintown.com/JeffBeck,46.439495,Montreux,2009-07-17T20:00:00,23,169977,http://www.bandsintown.com/venue/169977,2043736,Miles Davis Hall,6.904878,http://www.bandsintown.com/event/2043736?app_id=epfl
"""Montreux Jazz Festival""",http://www.bandsintown.com/%22montreuxJazzFestival%22,46.439495,Montreux,2009-07-17T20:00:00,23,169977,http://www.bandsintown.com/venue/169977,2043736,Miles Davis Hall,6.904878,http://www.bandsintown.com/event/2043736?app_id=epfl
Gurtenfestival 2009,http://www.bandsintown.com/Gurtenfestival2009,46.9472475,Bern,2009-07-17T12:00:00,05,665498,http://www.bandsintown.com/venue/665498,2865001,Gurten,7.4515861,http://www.bandsintown.com/event/2865001?app_id=epfl
Eskimo Joe,http://www.bandsintown.com/EskimoJoe,46.9555206,Bern,2009-07-17T20:00:00,05,169949,http://www.bandsintown.com/venue/169949,2003590,Gurtenfestival,7.4346972,http://www.bandsintown.com/event/2003590?app_id=epfl
Ska-P,http://www.bandsintown.com/Ska-P,46.9555206,Bern,2009-07-17T20:00:00,05,169949,http://www.bandsintown.com/venue/169949,2003590,Gurtenfestival,7.4346972,http://www.bandsintown.com/event/2003590?app_id=epfl
Friendly Fires,http://www.bandsintown.com/FriendlyFires,46.9555206,Bern,2009-07-17T20:00:00,05,169949,http://www.bandsintown.com/venue/169949,2003590,Gurtenfestival,7.4346972,http://www.bandsintown.com/event/2003590?app_id=epfl
The Delilahs,http://www.bandsintown.com/TheDelilahs,46.9555206,Bern,2009-07-17T20:00:00,05,169949,http://www.bandsintown.com/venue/169949,2003590,Gurtenfestival,7.4346972,http://www.bandsintown.com/event/2003590?app_id=epfl
Peter Fox,http://www.bandsintown.com/PeterFox,46.9555206,Bern,2009-07-17T20:00:00,05,169949,http://www.bandsintown.com/venue/169949,2003590,Gurtenfestival,7.4346972,http://www.bandsintown.com/event/2003590?app_id=epfl
Blue King Brown,http://www.bandsintown.com/BlueKingBrown,46.9166667,Bern,2009-07-17T20:00:00,05,627723,http://www.bandsintown.com/venue/627723,2611411,Gurtenkulm,7.4666667,http://www.bandsintown.com/event/2611411?app_id=epfl
Whole Lotta DC,http://www.bandsintown.com/WholeLottaDc,46.758751,BrüNisried,2009-07-17T22:00:00,Switzerland,575657,http://www.bandsintown.com/venue/575657,2193215,FC Bruenisried,7.2791,http://www.bandsintown.com/event/2193215?app_id=epfl
Antony and the Johnsons,http://www.bandsintown.com/AntonyAndTheJohnsons,47.050965,Lucerne,2009-07-17T19:00:00,Lucerne,169974,http://www.bandsintown.com/venue/169974,2251344,Blue Balls Fest,8.311852,http://www.bandsintown.com/event/2251344?app_id=epfl
"""Blue Balls Festival""",http://www.bandsintown.com/%22blueBallsFestival%22,47.379671,Zurich,2009-07-17T19:00:00,Switzerland,306320,http://www.bandsintown.com/venue/306320,1979550,Blue Balls Festival,8.54405,http://www.bandsintown.com/event/1979550?app_id=epfl
Witchcraft,http://www.bandsintown.com/Witchcraft,47.05048,Goldau,2009-07-17T20:00:00,Switzerland,621360,http://www.bandsintown.com/venue/621360,2562984,Tommerflotivalen,8.55251,http://www.bandsintown.com/event/2562984?app_id=epfl
Blue Balls Festival,http://www.bandsintown.com/BlueBallsFestival,47.0833333,Lucerne,2009-07-17T20:30:00,11,343630,http://www.bandsintown.com/venue/343630,2043739,Kultur,8.2666667,http://www.bandsintown.com/event/2043739?app_id=epfl
Cyndi Lauper,http://www.bandsintown.com/CyndiLauper,47.37706,Zurich,2009-07-17T20:30:00,Switzerland,549042,http://www.bandsintown.com/venue/549042,1958143,The Sunset Festival,8.53955,http://www.bandsintown.com/event/1958143?app_id=epfl
"""Live At Sunset""",http://www.bandsintown.com/%22liveAtSunset%22,47.37706,Zurich,2009-07-17T20:30:00,Switzerland,549042,http://www.bandsintown.com/venue/549042,1958143,The Sunset Festival,8.53955,http://www.bandsintown.com/event/1958143?app_id=epfl
Gloria Estefan,http://www.bandsintown.com/GloriaEstefan,46.1695023,Locarno,2009-07-17T20:30:00,TI,169972,http://www.bandsintown.com/venue/169972,1979567,Piazza Grande,8.7967405,http://www.bandsintown.com/event/1979567?app_id=epfl
"""Moon",http://www.bandsintown.com/%22Moon,46.1695023,Locarno,2009-07-17T20:30:00,TI,169972,http://www.bandsintown.com/venue/169972,1979567,Piazza Grande,8.7967405,http://www.bandsintown.com/event/1979567?app_id=epfl
"Stars Locarno""",http://www.bandsintown.com/StarsLocarno%22,46.1695023,Locarno,2009-07-17T20:30:00,TI,169972,http://www.bandsintown.com/venue/169972,1979567,Piazza Grande,8.7967405,http://www.bandsintown.com/event/1979567?app_id=epfl
Moon,http://www.bandsintown.com/Moon,46.1695023,Locarno,2009-07-17T20:30:00,TI,169972,http://www.bandsintown.com/venue/169972,1979567,Piazza Grande,8.7967405,http://www.bandsintown.com/event/1979567?app_id=epfl
Stars Festival,http://www.bandsintown.com/StarsFestival,46.1695023,Locarno,2009-07-17T20:30:00,TI,169972,http://www.bandsintown.com/venue/169972,1979567,Piazza Grande,8.7967405,http://www.bandsintown.com/event/1979567?app_id=epfl
Donna Summer,http://www.bandsintown.com/DonnaSummer,46.4333333,Montreux,2009-07-18T19:00:00,23,169978,http://www.bandsintown.com/venue/169978,2822969,Stravinski Auditorium,6.9166667,http://www.bandsintown.com/event/2822969?app_id=epfl
43rd Montreux Jazz Festival,http://www.bandsintown.com/43rdMontreuxJazzFestival,46.439312,Montreux,2009-07-18T19:00:00,Etr,343180,http://www.bandsintown.com/venue/343180,2043743,Auditorium Stravinski,6.904712,http://www.bandsintown.com/event/2043743?app_id=epfl
Birdy Nam Nam,http://www.bandsintown.com/BirdyNamNam,46.439312,Montreux,2009-07-18T19:00:00,Etr,343180,http://www.bandsintown.com/venue/343180,2043743,Auditorium Stravinski,6.904712,http://www.bandsintown.com/event/2043743?app_id=epfl
Prince,http://www.bandsintown.com/Prince,46.439312,Montreux,2009-07-18T19:00:00,Etr,343180,http://www.bandsintown.com/venue/343180,2043743,Auditorium Stravinski,6.904712,http://www.bandsintown.com/event/2043743?app_id=epfl
Prince 19:00 show,http://www.bandsintown.com/Prince19%3A00Show,46.439312,Montreux,2009-07-18T19:00:00,Etr,343180,http://www.bandsintown.com/venue/343180,2043743,Auditorium Stravinski,6.904712,http://www.bandsintown.com/event/2043743?app_id=epfl
Prince 23:00 show,http://www.bandsintown.com/Prince23%3A00Show,46.439312,Montreux,2009-07-18T19:00:00,Etr,343180,http://www.bandsintown.com/venue/343180,2043743,Auditorium Stravinski,6.904712,http://www.bandsintown.com/event/2043743?app_id=epfl
"""Montreux Jazz Festival""",http://www.bandsintown.com/%22montreuxJazzFestival%22,46.439312,Montreux,2009-07-18T19:00:00,Etr,343180,http://www.bandsintown.com/venue/343180,2043743,Auditorium Stravinski,6.904712,http://www.bandsintown.com/event/2043743?app_id=epfl
Buju Banton,http://www.bandsintown.com/BujuBanton,46.188135,Geneva,2009-07-18T20:00:00,Switzerland,683653,http://www.bandsintown.com/venue/683653,2885547,Stade de la Praille,6.128395,http://www.bandsintown.com/event/2885547?app_id=epfl
Gurtenfestival 2009,http://www.bandsintown.com/Gurtenfestival2009,46.9472475,Bern,2009-07-18T12:00:00,05,665498,http://www.bandsintown.com/venue/665498,2865002,Gurten,7.4515861,http://www.bandsintown.com/event/2865002?app_id=epfl
Silbermond,http://www.bandsintown.com/Silbermond,46.948251,Berne,2009-07-18T20:00:00,Switzerland,694322,http://www.bandsintown.com/venue/694322,2913301,GURTENBAHN,7.43995,http://www.bandsintown.com/event/2913301?app_id=epfl
Eluveitie,http://www.bandsintown.com/Eluveitie,46.948251,Berne,2009-07-18T20:00:00,Switzerland,694516,http://www.bandsintown.com/venue/694516,2913581,Gurten Open Air,7.43995,http://www.bandsintown.com/event/2913581?app_id=epfl
Oasis,http://www.bandsintown.com/Oasis,46.9555206,Bern,2009-07-18T20:00:00,05,169949,http://www.bandsintown.com/venue/169949,2280532,Gurtenfestival,7.4346972,http://www.bandsintown.com/event/2280532?app_id=epfl
Time Machine,http://www.bandsintown.com/TimeMachine,46.09597,Verbier,2009-07-18T21:45:00,Switzerland,664100,http://www.bandsintown.com/venue/664100,2862820,Place Centrale,7.228806,http://www.bandsintown.com/event/2862820?app_id=epfl
The Shivers,http://www.bandsintown.com/TheShivers,46.28196,Cresciano,2009-07-18T18:00:00,Switzerland,700082,http://www.bandsintown.com/venue/700082,2924104,Rockstick Festival,9.00375,http://www.bandsintown.com/event/2924104?app_id=epfl
"""Live At Sunset""",http://www.bandsintown.com/%22liveAtSunset%22,47.3756104,Zurich,2009-07-18T19:00:00,ZH,306341,http://www.bandsintown.com/venue/306341,1958144,Dolder,8.5767298,http://www.bandsintown.com/event/1958144?app_id=epfl
Seal,http://www.bandsintown.com/Seal,47.050965,Lucerne,2009-07-18T19:00:00,Lucerne,169974,http://www.bandsintown.com/venue/169974,2857340,Blue Balls Fest,8.311852,http://www.bandsintown.com/event/2857340?app_id=epfl
"""Blue Balls Festival""",http://www.bandsintown.com/%22blueBallsFestival%22,47.379671,Zurich,2009-07-18T19:00:00,Switzerland,306320,http://www.bandsintown.com/venue/306320,1979551,Blue Balls Festival,8.54405,http://www.bandsintown.com/event/1979551?app_id=epfl
A Fine Frenzy,http://www.bandsintown.com/AFineFrenzy,47.379671,Zurich,2009-07-18T19:00:00,Switzerland,306320,http://www.bandsintown.com/venue/306320,1979551,Blue Balls Festival,8.54405,http://www.bandsintown.com/event/1979551?app_id=epfl
Thomas Schumacher,http://www.bandsintown.com/ThomasSchumacher,47.3833333,Zurich,2009-07-18T20:00:00,Switzerlan,337570,http://www.bandsintown.com/venue/337570,2923569,Q Club,8.5333333,http://www.bandsintown.com/event/2923569?app_id=epfl
Blue Balls Festival,http://www.bandsintown.com/BlueBallsFestival,47.0833333,Lucerne,2009-07-18T20:00:00,11,343630,http://www.bandsintown.com/venue/343630,2043747,Kultur,8.2666667,http://www.bandsintown.com/event/2043747?app_id=epfl
Jamie Cullum,http://www.bandsintown.com/JamieCullum,47.3825,Gockhausen,2009-07-18T20:30:00,Switzerland,689311,http://www.bandsintown.com/venue/689311,2000323,Dolder Eisbahn,8.5793,http://www.bandsintown.com/event/2000323?app_id=epfl
GusGus,http://www.bandsintown.com/GusGus,46.760319,Canton Of Uri,2009-07-18T23:00:00,Switzerland,620456,http://www.bandsintown.com/venue/620456,2561428,LungA Festival,8.67763,http://www.bandsintown.com/event/2561428?app_id=epfl
Katie Melua,http://www.bandsintown.com/KatieMelua,46.1695023,Locarno,2009-07-18T20:30:00,TI,169972,http://www.bandsintown.com/venue/169972,1979568,Piazza Grande,8.7967405,http://www.bandsintown.com/event/1979568?app_id=epfl
"""Moon",http://www.bandsintown.com/%22Moon,46.1695023,Locarno,2009-07-18T20:30:00,TI,169972,http://www.bandsintown.com/venue/169972,1979568,Piazza Grande,8.7967405,http://www.bandsintown.com/event/1979568?app_id=epfl
"Stars Locarno""",http://www.bandsintown.com/StarsLocarno%22,46.1695023,Locarno,2009-07-18T20:30:00,TI,169972,http://www.bandsintown.com/venue/169972,1979568,Piazza Grande,8.7967405,http://www.bandsintown.com/event/1979568?app_id=epfl
Stars 2009,http://www.bandsintown.com/Stars2009,46.1695023,Locarno,2009-07-18T20:30:00,TI,169972,http://www.bandsintown.com/venue/169972,1979568,Piazza Grande,8.7967405,http://www.bandsintown.com/event/1979568?app_id=epfl
Moon,http://www.bandsintown.com/Moon,46.1695023,Locarno,2009-07-18T20:30:00,TI,169972,http://www.bandsintown.com/venue/169972,1979568,Piazza Grande,8.7967405,http://www.bandsintown.com/event/1979568?app_id=epfl
Stars Festival,http://www.bandsintown.com/StarsFestival,46.1695023,Locarno,2009-07-18T20:30:00,TI,169972,http://www.bandsintown.com/venue/169972,1979568,Piazza Grande,8.7967405,http://www.bandsintown.com/event/1979568?app_id=epfl
Katie Melua– Moon,http://www.bandsintown.com/KatieMelua%E2%80%93Moon,46.1695023,Locarno,2009-07-18T20:30:00,TI,169972,http://www.bandsintown.com/venue/169972,1979568,Piazza Grande,8.7967405,http://www.bandsintown.com/event/1979568?app_id=epfl
hilaria kramer,http://www.bandsintown.com/HilariaKramer,46.165241,Losone,2009-07-18T21:00:00,Switzerland,704934,http://www.bandsintown.com/venue/704934,2933449,La Fabbrica Losone,8.75975,http://www.bandsintown.com/event/2933449?app_id=epfl
Time Machine,http://www.bandsintown.com/TimeMachine,46.08023,Le ChâBle,2009-07-19T21:00:00,Switzerland,664101,http://www.bandsintown.com/venue/664101,2862821,Place de la Commune,7.212595,http://www.bandsintown.com/event/2862821?app_id=epfl
Gurtenfestival 2009,http://www.bandsintown.com/Gurtenfestival2009,46.9472475,Bern,2009-07-19T12:00:00,05,665498,http://www.bandsintown.com/venue/665498,2865003,Gurten,7.4515861,http://www.bandsintown.com/event/2865003?app_id=epfl
Kings of Leon,http://www.bandsintown.com/KingsOfLeon,46.9555206,Bern,2009-07-19T19:00:00,05,169949,http://www.bandsintown.com/venue/169949,2868739,Gurtenfestival,7.4346972,http://www.bandsintown.com/event/2868739?app_id=epfl
David Gray,http://www.bandsintown.com/DavidGray,47.049541,Luzern,2009-07-19T19:00:00,Switzerland,705076,http://www.bandsintown.com/venue/705076,2550590,Lucerne,8.30437,http://www.bandsintown.com/event/2550590?app_id=epfl
James Morrison,http://www.bandsintown.com/JamesMorrison,47.049541,Luzern,2009-07-19T19:00:00,Switzerland,705076,http://www.bandsintown.com/venue/705076,2550590,Lucerne,8.30437,http://www.bandsintown.com/event/2550590?app_id=epfl
"""Blue Balls Festival""",http://www.bandsintown.com/%22blueBallsFestival%22,47.379671,Zurich,2009-07-19T19:00:00,Switzerland,306320,http://www.bandsintown.com/venue/306320,1979552,Blue Balls Festival,8.54405,http://www.bandsintown.com/event/1979552?app_id=epfl
Susan Tedeschi,http://www.bandsintown.com/SusanTedeschi,47.050965,Lucerne,2009-07-19T19:00:00,Lucerne,169974,http://www.bandsintown.com/venue/169974,2643378,Blue Balls Fest,8.311852,http://www.bandsintown.com/event/2643378?app_id=epfl
Katie Melua,http://www.bandsintown.com/KatieMelua,47.3825,Gockhausen,2009-07-19T20:30:00,Switzerland,689311,http://www.bandsintown.com/venue/689311,1958145,Dolder Eisbahn,8.5793,http://www.bandsintown.com/event/1958145?app_id=epfl
"""Live At Sunset""",http://www.bandsintown.com/%22liveAtSunset%22,47.3825,Gockhausen,2009-07-19T20:30:00,Switzerland,689311,http://www.bandsintown.com/venue/689311,1958145,Dolder Eisbahn,8.5793,http://www.bandsintown.com/event/1958145?app_id=epfl
Blue Balls Festival,http://www.bandsintown.com/BlueBallsFestival,47.0833333,Lucerne,2009-07-19T20:30:00,11,343630,http://www.bandsintown.com/venue/343630,2043757,Kultur,8.2666667,http://www.bandsintown.com/event/2043757?app_id=epfl
Placebo,http://www.bandsintown.com/Placebo,46.1695023,Locarno,2009-07-19T20:30:00,TI,169972,http://www.bandsintown.com/venue/169972,1979569,Piazza Grande,8.7967405,http://www.bandsintown.com/event/1979569?app_id=epfl
"""Moon",http://www.bandsintown.com/%22Moon,46.1695023,Locarno,2009-07-19T20:30:00,TI,169972,http://www.bandsintown.com/venue/169972,1979569,Piazza Grande,8.7967405,http://www.bandsintown.com/event/1979569?app_id=epfl
"Stars Locarno""",http://www.bandsintown.com/StarsLocarno%22,46.1695023,Locarno,2009-07-19T20:30:00,TI,169972,http://www.bandsintown.com/venue/169972,1979569,Piazza Grande,8.7967405,http://www.bandsintown.com/event/1979569?app_id=epfl
Stars 2009,http://www.bandsintown.com/Stars2009,46.1695023,Locarno,2009-07-19T20:30:00,TI,169972,http://www.bandsintown.com/venue/169972,1979569,Piazza Grande,8.7967405,http://www.bandsintown.com/event/1979569?app_id=epfl
Moon,http://www.bandsintown.com/Moon,46.1695023,Locarno,2009-07-19T20:30:00,TI,169972,http://www.bandsintown.com/venue/169972,1979569,Piazza Grande,8.7967405,http://www.bandsintown.com/event/1979569?app_id=epfl
Stars Festival,http://www.bandsintown.com/StarsFestival,46.1695023,Locarno,2009-07-19T20:30:00,TI,169972,http://www.bandsintown.com/venue/169972,1979569,Piazza Grande,8.7967405,http://www.bandsintown.com/event/1979569?app_id=epfl
Placebo – Moon,http://www.bandsintown.com/Placebo%E2%80%93Moon,46.1695023,Locarno,2009-07-19T20:30:00,TI,169972,http://www.bandsintown.com/venue/169972,1979569,Piazza Grande,8.7967405,http://www.bandsintown.com/event/1979569?app_id=epfl
Time Machine,http://www.bandsintown.com/TimeMachine,46.09597,Verbier,2009-07-20T21:30:00,Switzerland,664100,http://www.bandsintown.com/venue/664100,2862822,Place Centrale,7.228806,http://www.bandsintown.com/event/2862822?app_id=epfl
"""Blue Balls Festival""",http://www.bandsintown.com/%22blueBallsFestival%22,47.379671,Zurich,2009-07-20T19:00:00,Switzerland,306320,http://www.bandsintown.com/venue/306320,1979553,Blue Balls Festival,8.54405,http://www.bandsintown.com/event/1979553?app_id=epfl
Blue Balls Festival,http://www.bandsintown.com/BlueBallsFestival,47.0833333,Lucerne,2009-07-20T20:00:00,11,343630,http://www.bandsintown.com/venue/343630,2043760,Kultur,8.2666667,http://www.bandsintown.com/event/2043760?app_id=epfl
The Red Chord,http://www.bandsintown.com/TheRedChord,46.8472821,Chur,2009-07-20T20:00:00,Grigioni,293617,http://www.bandsintown.com/venue/293617,2886422,Palazzo,9.527126,http://www.bandsintown.com/event/2886422?app_id=epfl
Placebo,http://www.bandsintown.com/Placebo,46.3833333,Nyon,2009-07-21T19:00:00,07,635844,http://www.bandsintown.com/venue/635844,2043763,L'Asse,6.25,http://www.bandsintown.com/event/2043763?app_id=epfl
Kaiser Chiefs,http://www.bandsintown.com/KaiserChiefs,46.3833333,Nyon,2009-07-21T19:00:00,07,635844,http://www.bandsintown.com/venue/635844,2043763,L'Asse,6.25,http://www.bandsintown.com/event/2043763?app_id=epfl
White Lies,http://www.bandsintown.com/WhiteLies,46.3833333,Nyon,2009-07-21T19:00:00,07,635844,http://www.bandsintown.com/venue/635844,2043763,L'Asse,6.25,http://www.bandsintown.com/event/2043763?app_id=epfl
Paleo Festival,http://www.bandsintown.com/PaleoFestival,46.3833333,Nyon,2009-07-21T19:00:00,07,635844,http://www.bandsintown.com/venue/635844,2043763,L'Asse,6.25,http://www.bandsintown.com/event/2043763?app_id=epfl
Gossip,http://www.bandsintown.com/Gossip,46.404787,Nyon,2009-07-21T20:00:00,23,169982,http://www.bandsintown.com/venue/169982,2910339,PASS FESTIVAL,6.214887,http://www.bandsintown.com/event/2910339?app_id=epfl
Melody Gardot,http://www.bandsintown.com/MelodyGardot,47.050965,Lucerne,2009-07-21T19:00:00,Lucerne,169974,http://www.bandsintown.com/venue/169974,2668887,Blue Balls Fest,8.311852,http://www.bandsintown.com/event/2668887?app_id=epfl
"""Blue Balls Festival""",http://www.bandsintown.com/%22blueBallsFestival%22,47.379671,Zurich,2009-07-21T19:00:00,Switzerland,306320,http://www.bandsintown.com/venue/306320,1979554,Blue Balls Festival,8.54405,http://www.bandsintown.com/event/1979554?app_id=epfl
Hyper Crush,http://www.bandsintown.com/HyperCrush,47.38572,ZÜrich,2009-07-21T20:00:00,Etr,170013,http://www.bandsintown.com/venue/170013,2885794,MAAG EVENT HALL,8.516851,http://www.bandsintown.com/event/2885794?app_id=epfl
Sananda Maitreya,http://www.bandsintown.com/SanandaMaitreya,47.574265,Basel,2009-07-21T22:00:00,Etr,693805,http://www.bandsintown.com/venue/693805,2887591,GRAND CASINO BASEL,7.563255,http://www.bandsintown.com/event/2887591?app_id=epfl
Franz Ferdinand,http://www.bandsintown.com/FranzFerdinand,46.208358,Geneva,2009-07-22T20:00:00,Switzerland,633839,http://www.bandsintown.com/venue/633839,2043767,Nyon,6.142701,http://www.bandsintown.com/event/2043767?app_id=epfl
Prodigy,http://www.bandsintown.com/Prodigy,46.208358,Geneva,2009-07-22T20:00:00,Switzerland,633839,http://www.bandsintown.com/venue/633839,2043767,Nyon,6.142701,http://www.bandsintown.com/event/2043767?app_id=epfl
Paleo Festival,http://www.bandsintown.com/PaleoFestival,46.208358,Geneva,2009-07-22T20:00:00,Switzerland,633839,http://www.bandsintown.com/venue/633839,2043767,Nyon,6.142701,http://www.bandsintown.com/event/2043767?app_id=epfl
The Prodigy,http://www.bandsintown.com/TheProdigy,46.382359,Nyon,2009-07-22T20:00:00,Switzerland,621476,http://www.bandsintown.com/venue/621476,2563262,Paléo,6.23908,http://www.bandsintown.com/event/2563262?app_id=epfl
John Fogerty,http://www.bandsintown.com/JohnFogerty,47.050965,Lucerne,2009-07-22T19:00:00,Lucerne,169974,http://www.bandsintown.com/venue/169974,2251848,Blue Balls Fest,8.311852,http://www.bandsintown.com/event/2251848?app_id=epfl
Leela James,http://www.bandsintown.com/LeelaJames,47.3713799,Zurich,2009-07-22T19:00:00,ZH,497860,http://www.bandsintown.com/venue/497860,2494122,Kaufleutensaal,8.5359888,http://www.bandsintown.com/event/2494122?app_id=epfl
"""Blue Balls Festival""",http://www.bandsintown.com/%22blueBallsFestival%22,47.051079,Lucerne,2009-07-22T20:00:00,Switzerland,429255,http://www.bandsintown.com/venue/429255,1979555,KKL Luzern,8.311669,http://www.bandsintown.com/event/1979555?app_id=epfl
Lucinda Williams,http://www.bandsintown.com/LucindaWilliams,47.051079,Lucerne,2009-07-22T20:00:00,Switzerland,429255,http://www.bandsintown.com/venue/429255,1979555,KKL Luzern,8.311669,http://www.bandsintown.com/event/1979555?app_id=epfl
Santigold,http://www.bandsintown.com/Santigold,47.3666667,Zurich,2009-07-22T20:00:00,25,199636,http://www.bandsintown.com/venue/199636,2566604,Sommerbühne der Roten Fabrik,8.55,http://www.bandsintown.com/event/2566604?app_id=epfl
Auralis,http://www.bandsintown.com/Auralis,47.37706,Zurich,2009-07-22T22:00:00,Switzerland,679608,http://www.bandsintown.com/venue/679608,1211134,PPD,8.53955,http://www.bandsintown.com/event/1211134?app_id=epfl
Snow Patrol,http://www.bandsintown.com/SnowPatrol,46.208358,Geneva,2009-07-23T20:00:00,Switzerland,633839,http://www.bandsintown.com/venue/633839,2043769,Nyon,6.142701,http://www.bandsintown.com/event/2043769?app_id=epfl
Moby,http://www.bandsintown.com/Moby,46.208358,Geneva,2009-07-23T20:00:00,Switzerland,633839,http://www.bandsintown.com/venue/633839,2043769,Nyon,6.142701,http://www.bandsintown.com/event/2043769?app_id=epfl
Amy Macdonald,http://www.bandsintown.com/AmyMacdonald,46.208358,Geneva,2009-07-23T20:00:00,Switzerland,633839,http://www.bandsintown.com/venue/633839,2043769,Nyon,6.142701,http://www.bandsintown.com/event/2043769?app_id=epfl
Paleo Festival,http://www.bandsintown.com/PaleoFestival,46.208358,Geneva,2009-07-23T20:00:00,Switzerland,633839,http://www.bandsintown.com/venue/633839,2043769,Nyon,6.142701,http://www.bandsintown.com/event/2043769?app_id=epfl
2 Many DJ's,http://www.bandsintown.com/2ManyDj%27s,46.382359,Nyon,2009-07-23T22:00:00,Switzerland,621476,http://www.bandsintown.com/venue/621476,2896486,Paléo,6.23908,http://www.bandsintown.com/event/2896486?app_id=epfl
Auralis,http://www.bandsintown.com/Auralis,46.203938,Geneva,2009-07-23T22:00:00,Geneva,119670,http://www.bandsintown.com/venue/119670,1379719,L'Usine / PTR,6.136453,http://www.bandsintown.com/event/1379719?app_id=epfl
The Birthday Massacre,http://www.bandsintown.com/TheBirthdayMassacre,47.302299,Roches,2009-07-23T20:00:00,Switzerland,677041,http://www.bandsintown.com/venue/677041,2885230,Dynamo,7.37737,http://www.bandsintown.com/event/2885230?app_id=epfl
The Flatlanders,http://www.bandsintown.com/TheFlatlanders,47.42194,Laufen,2009-07-23T19:00:00,26,623222,http://www.bandsintown.com/venue/623222,2568347,Kulturzentrum Alts Schlachthuus,7.50403,http://www.bandsintown.com/event/2568347?app_id=epfl
Colbie Caillat,http://www.bandsintown.com/ColbieCaillat,47.379671,Zurich,2009-07-23T19:00:00,Switzerland,306320,http://www.bandsintown.com/venue/306320,1979556,Blue Balls Festival,8.54405,http://www.bandsintown.com/event/1979556?app_id=epfl
"""Blue Balls Festival""",http://www.bandsintown.com/%22blueBallsFestival%22,47.379671,Zurich,2009-07-23T19:00:00,Switzerland,306320,http://www.bandsintown.com/venue/306320,1979556,Blue Balls Festival,8.54405,http://www.bandsintown.com/event/1979556?app_id=epfl
Raggedy Angry,http://www.bandsintown.com/RaggedyAngry,47.3833038,Zürich,2009-07-23T20:00:00,,46886,http://www.bandsintown.com/venue/46886,2763876,Dynamo Werk 21,8.5393044,http://www.bandsintown.com/event/2763876?app_id=epfl
Blue Balls Festival,http://www.bandsintown.com/BlueBallsFestival,47.0833333,Lucerne,2009-07-23T20:30:00,11,343630,http://www.bandsintown.com/venue/343630,2043770,Kultur,8.2666667,http://www.bandsintown.com/event/2043770?app_id=epfl
TV on the Radio,http://www.bandsintown.com/TvOnTheRadio,46.3833333,Nyon,2009-07-24T19:00:00,07,635844,http://www.bandsintown.com/venue/635844,2043771,L'Asse,6.25,http://www.bandsintown.com/event/2043771?app_id=epfl
Ska-P,http://www.bandsintown.com/Ska-P,46.3833333,Nyon,2009-07-24T19:00:00,07,635844,http://www.bandsintown.com/venue/635844,2043771,L'Asse,6.25,http://www.bandsintown.com/event/2043771?app_id=epfl
Pete Doherty,http://www.bandsintown.com/PeteDoherty,46.3833333,Nyon,2009-07-24T19:00:00,07,635844,http://www.bandsintown.com/venue/635844,2043771,L'Asse,6.25,http://www.bandsintown.com/event/2043771?app_id=epfl
Paleo Festival,http://www.bandsintown.com/PaleoFestival,46.3833333,Nyon,2009-07-24T19:00:00,07,635844,http://www.bandsintown.com/venue/635844,2043771,L'Asse,6.25,http://www.bandsintown.com/event/2043771?app_id=epfl
Time Machine,http://www.bandsintown.com/TimeMachine,46.2,Geneve,2009-07-24T22:00:00,07,584414,http://www.bandsintown.com/venue/584414,2269135,Jardin Anglais,6.1666667,http://www.bandsintown.com/event/2269135?app_id=epfl
Blumentopf,http://www.bandsintown.com/Blumentopf,47.187359,Etziken,2009-07-24T20:00:00,Switzerland,688137,http://www.bandsintown.com/venue/688137,1939697,Etziken Dorf,7.64621,http://www.bandsintown.com/event/1939697?app_id=epfl
Shaggy,http://www.bandsintown.com/Shaggy,47.367439,PfäFfikon,2009-07-24T17:00:00,Switzerland,620717,http://www.bandsintown.com/venue/620717,2561852,Pfaffikon Switzerland,8.78154,http://www.bandsintown.com/event/2561852?app_id=epfl
The Cat Empire,http://www.bandsintown.com/TheCatEmpire,47.050965,Lucerne,2009-07-24T19:00:00,Lucerne,169974,http://www.bandsintown.com/venue/169974,2863451,Blue Balls Fest,8.311852,http://www.bandsintown.com/event/2863451?app_id=epfl
"""Open Air Lumnezia""",http://www.bandsintown.com/%22openAirLumnezia%22,46.70699,Degen,2009-07-24T19:00:00,Switzerland,551972,http://www.bandsintown.com/venue/551972,1979491,Festival Grounds,9.168775,http://www.bandsintown.com/event/1979491?app_id=epfl
"""Blue Balls Festival""",http://www.bandsintown.com/%22blueBallsFestival%22,47.379671,Zurich,2009-07-24T19:00:00,Switzerland,306320,http://www.bandsintown.com/venue/306320,1979557,Blue Balls Festival,8.54405,http://www.bandsintown.com/event/1979557?app_id=epfl
Blue Balls Festival,http://www.bandsintown.com/BlueBallsFestival,47.0833333,Lucerne,2009-07-24T20:00:00,11,343630,http://www.bandsintown.com/venue/343630,2043772,Kultur,8.2666667,http://www.bandsintown.com/event/2043772?app_id=epfl
Free,http://www.bandsintown.com/Free,47.3666667,Zurich,2009-07-24T20:00:00,25,199636,http://www.bandsintown.com/venue/199636,2915512,Sommerbühne der Roten Fabrik,8.55,http://www.bandsintown.com/event/2915512?app_id=epfl
Justin James,http://www.bandsintown.com/JustinJames,46.497059,Sankt Moritz-Dorf,2009-07-24T20:00:00,Switzerland,641416,http://www.bandsintown.com/venue/641416,2712870,Secondo Bar,9.83819,http://www.bandsintown.com/event/2712870?app_id=epfl
Portugal. The Man,http://www.bandsintown.com/Portugal.TheMan,46.803746,Freiburg,2009-07-25T20:00:00,Switzerland,648542,http://www.bandsintown.com/venue/648542,2764300,Stone Hill Festival,7.153683,http://www.bandsintown.com/event/2764300?app_id=epfl
Ayo,http://www.bandsintown.com/Ayo,46.208358,Geneva,2009-07-25T20:00:00,Switzerland,633839,http://www.bandsintown.com/venue/633839,2043774,Nyon,6.142701,http://www.bandsintown.com/event/2043774?app_id=epfl
Paleo Festival,http://www.bandsintown.com/PaleoFestival,46.208358,Geneva,2009-07-25T20:00:00,Switzerland,633839,http://www.bandsintown.com/venue/633839,2043774,Nyon,6.142701,http://www.bandsintown.com/event/2043774?app_id=epfl
Tracy Champan,http://www.bandsintown.com/TracyChampan,46.208358,Geneva,2009-07-25T20:00:00,Switzerland,633839,http://www.bandsintown.com/venue/633839,2043774,Nyon,6.142701,http://www.bandsintown.com/event/2043774?app_id=epfl
"""Open Air Lumnezia""",http://www.bandsintown.com/%22openAirLumnezia%22,46.70699,Degen,2009-07-25T19:00:00,Switzerland,551972,http://www.bandsintown.com/venue/551972,1979492,Festival Grounds,9.168775,http://www.bandsintown.com/event/1979492?app_id=epfl
Selig,http://www.bandsintown.com/Selig,46.70699,Degen,2009-07-25T19:00:00,Switzerland,551972,http://www.bandsintown.com/venue/551972,1979492,Festival Grounds,9.168775,http://www.bandsintown.com/event/1979492?app_id=epfl
"""Blue Balls Festival""",http://www.bandsintown.com/%22blueBallsFestival%22,47.379671,Zurich,2009-07-25T19:00:00,Switzerland,306320,http://www.bandsintown.com/venue/306320,1979558,Blue Balls Festival,8.54405,http://www.bandsintown.com/event/1979558?app_id=epfl
Die So Fluid,http://www.bandsintown.com/DieSoFluid,46.870209,Grafenort,2009-07-25T20:00:00,Switzerland,701098,http://www.bandsintown.com/venue/701098,2926096,Musiciglazgemeind Festival,8.37243,http://www.bandsintown.com/event/2926096?app_id=epfl
Jennifer Rostock,http://www.bandsintown.com/JenniferRostock,46.870209,Grafenort,2009-07-25T20:00:00,Switzerland,526196,http://www.bandsintown.com/venue/526196,1768493,Musiglanzgmeind Open Air,8.37243,http://www.bandsintown.com/event/1768493?app_id=epfl
Eisbrecher,http://www.bandsintown.com/Eisbrecher,46.870209,Grafenort,2009-07-25T20:00:00,Switzerland,619401,http://www.bandsintown.com/venue/619401,2559618,Muisiglanzgmeind Festival 2009,8.37243,http://www.bandsintown.com/event/2559618?app_id=epfl
Joss Stone,http://www.bandsintown.com/JossStone,47.051079,Lucerne,2009-07-25T20:30:00,Switzerland,429255,http://www.bandsintown.com/venue/429255,2550756,KKL Luzern,8.311669,http://www.bandsintown.com/event/2550756?app_id=epfl
Santigold,http://www.bandsintown.com/Santigold,47.426392,St Gallen,2009-07-25T20:00:00,Switzerland,647475,http://www.bandsintown.com/venue/647475,2761318,Paleo Nyon,9.37371,http://www.bandsintown.com/event/2761318?app_id=epfl
The Shivers,http://www.bandsintown.com/TheShivers,46.154621,Palagnedra,2009-07-25T12:30:00,Switzerland,700083,http://www.bandsintown.com/venue/700083,2924105,Open Air Palagnedra,8.63098,http://www.bandsintown.com/event/2924105?app_id=epfl
Justin James,http://www.bandsintown.com/JustinJames,46.45,Silvaplana,2009-07-25T20:00:00,09,641417,http://www.bandsintown.com/venue/641417,2712871,Mulets Bar,9.7833333,http://www.bandsintown.com/event/2712871?app_id=epfl
Oxmo Puccino,http://www.bandsintown.com/OxmoPuccino,46.404787,Nyon,2009-07-26T20:00:00,23,169982,http://www.bandsintown.com/venue/169982,2915872,PASS FESTIVAL,6.214887,http://www.bandsintown.com/event/2915872?app_id=epfl
Anis,http://www.bandsintown.com/Anis,46.208358,Geneva,2009-07-26T20:00:00,Switzerland,633839,http://www.bandsintown.com/venue/633839,2043777,Nyon,6.142701,http://www.bandsintown.com/event/2043777?app_id=epfl
Caravan Palace,http://www.bandsintown.com/CaravanPalace,46.208358,Geneva,2009-07-26T20:00:00,Switzerland,633839,http://www.bandsintown.com/venue/633839,2043777,Nyon,6.142701,http://www.bandsintown.com/event/2043777?app_id=epfl
Paleo Festival,http://www.bandsintown.com/PaleoFestival,46.208358,Geneva,2009-07-26T20:00:00,Switzerland,633839,http://www.bandsintown.com/venue/633839,2043777,Nyon,6.142701,http://www.bandsintown.com/event/2043777?app_id=epfl
Rafael,http://www.bandsintown.com/Rafael,46.208358,Geneva,2009-07-26T20:00:00,Switzerland,633839,http://www.bandsintown.com/venue/633839,2043777,Nyon,6.142701,http://www.bandsintown.com/event/2043777?app_id=epfl
Tweek,http://www.bandsintown.com/Tweek,46.40235,Nyon,2009-07-26T21:00:00,VD,1787285,http://www.bandsintown.com/venue/1787285,8904569,Paléo Festival,6.21157,http://www.bandsintown.com/event/8904569?app_id=epfl
Issac Delgado,http://www.bandsintown.com/IssacDelgado,47.3713799,Zurich,2009-07-26T19:00:00,ZH,497860,http://www.bandsintown.com/venue/497860,2896915,Kaufleutensaal,8.5359888,http://www.bandsintown.com/event/2896915?app_id=epfl
DJ Kam,http://www.bandsintown.com/DjKam,47.3676186,Zürich,2009-07-26T20:00:00,,699259,http://www.bandsintown.com/venue/699259,2922531,Le Petit Prince,8.5352733,http://www.bandsintown.com/event/2922531?app_id=epfl
Peter Matthew Kasen,http://www.bandsintown.com/PeterMatthewKasen,47.371722,Zurich,2009-07-27T20:00:00,Switzerland,44952,http://www.bandsintown.com/venue/44952,1077704,Kaufleuten,8.536468,http://www.bandsintown.com/event/1077704?app_id=epfl
Linkin Park,http://www.bandsintown.com/LinkinPark,47.302299,Roches,2009-07-28T20:00:00,Switzerland,670949,http://www.bandsintown.com/venue/670949,2873940,Hallenstadion,7.37737,http://www.bandsintown.com/event/2873940?app_id=epfl
Peter Matthew Kasen,http://www.bandsintown.com/PeterMatthewKasen,46.188135,Geneva,2009-07-29T20:00:00,Switzerland,309952,http://www.bandsintown.com/venue/309952,1273538,STADE DE GENEVE,6.128395,http://www.bandsintown.com/event/1273538?app_id=epfl
Clan 537,http://www.bandsintown.com/Clan537,47.3713799,Zurich,2009-07-29T19:00:00,ZH,497860,http://www.bandsintown.com/venue/497860,2896901,Kaufleutensaal,8.5359888,http://www.bandsintown.com/event/2896901?app_id=epfl
The Dresden Dolls,http://www.bandsintown.com/TheDresdenDolls,47.3666667,Zurich,2009-07-29T20:00:00,25,199636,http://www.bandsintown.com/venue/199636,2951809,Sommerbühne der Roten Fabrik,8.55,http://www.bandsintown.com/event/2951809?app_id=epfl
Far From Finished,http://www.bandsintown.com/FarFromFinished,47.3666667,Zurich,2009-07-29T20:00:00,25,699787,http://www.bandsintown.com/venue/699787,2923503,Kalkbriete,8.55,http://www.bandsintown.com/event/2923503?app_id=epfl
The Dresden Dolls,http://www.bandsintown.com/TheDresdenDolls,46.208358,Geneva,2009-07-30T20:00:00,Switzerland,669895,http://www.bandsintown.com/venue/669895,2872625,BRIAN,6.142701,http://www.bandsintown.com/event/2872625?app_id=epfl
The World/Inferno Friendship Society,http://www.bandsintown.com/TheWorld%252FinfernoFriendshipSociety,46.203938,Geneva,2009-07-30T20:00:00,Geneva,119670,http://www.bandsintown.com/venue/119670,2924428,L'Usine / PTR,6.136453,http://www.bandsintown.com/event/2924428?app_id=epfl
Anaïs,http://www.bandsintown.com/Ana%C3%AFs,46.848794,Estavayer-Le-Lac,2009-07-31T20:00:00,Switzerland,677250,http://www.bandsintown.com/venue/677250,2885560,Estival Open Air,6.848279,http://www.bandsintown.com/event/2885560?app_id=epfl
Keko Yoma,http://www.bandsintown.com/KekoYoma,47.568039,Basel-City,2009-07-31T21:00:00,Switzerland,712578,http://www.bandsintown.com/venue/712578,2948847,Villa Rosenau,7.57256,http://www.bandsintown.com/event/2948847?app_id=epfl
Marc Hype,http://www.bandsintown.com/MarcHype,47.426392,St Gallen,2009-07-31T23:00:00,Switzerland,361710,http://www.bandsintown.com/venue/361710,929680,Clap Your Hands,9.37371,http://www.bandsintown.com/event/929680?app_id=epfl
