club_adress,club_id,club_name,club_ref,date,ref_event,artiste
"Neumarktstrasse 35; 2503, Biel",23441, Coupole,/club.aspx?id=23441,"Sun, 26 Dec 2010",/event.aspx?213923,NHB
"Neumarktstrasse 35; 2503, Biel",23441, Coupole,/club.aspx?id=23441,"Sun, 26 Dec 2010",/event.aspx?213923,Min & Mal
"Neumarktstrasse 35; 2503, Biel",23441, Coupole,/club.aspx?id=23441,"Sat, 18 Sep 2010",/event.aspx?195007,Alex Di Stefano
"Neumarktstrasse 35; 2503, Biel",23441, Coupole,/club.aspx?id=23441,"Sat, 18 Sep 2010",/event.aspx?195007,Cubex
"Neumarktstrasse 35; 2503, Biel",23441, Coupole,/club.aspx?id=23441,"Sat, 18 Sep 2010",/event.aspx?195007,Terzini Bros
"Neumarktstrasse 35; 2503, Biel",23441, Coupole,/club.aspx?id=23441,"Sat, 9 Jan 2010",/event.aspx?129216,Ark
"Neumarktstrasse 35; 2503, Biel",23441, Coupole,/club.aspx?id=23441,"Sat, 9 Jan 2010",/event.aspx?129216,Varoslav
"Neumarktstrasse 35; 2503, Biel",23441, Coupole,/club.aspx?id=23441,"Sat, 9 Jan 2010",/event.aspx?129216,Mia Kaltes
"Neumarktstrasse 35; 2503, Biel",23441, Coupole,/club.aspx?id=23441,"Mon, 14 Nov 2011",/event.aspx?310963,Dani Sbert
"Neumarktstrasse 35; 2503, Biel",23441, Coupole,/club.aspx?id=23441,"Sat, 8 Oct 2011",/event.aspx?294614,Zombie Disco Squad
"Neumarktstrasse 35; 2503, Biel",23441, Coupole,/club.aspx?id=23441,"Sat, 8 Oct 2011",/event.aspx?294614,Joyce Muniz
"Neumarktstrasse 35; 2503, Biel",23441, Coupole,/club.aspx?id=23441,"Sat, 8 Oct 2011",/event.aspx?294614,La Vie C'est Facile
"Neumarktstrasse 35; 2503, Biel",23441, Coupole,/club.aspx?id=23441,"Fri, 6 May 2011",/event.aspx?253877,Ezikiel
"Neumarktstrasse 35; 2503, Biel",23441, Coupole,/club.aspx?id=23441,"Fri, 6 May 2011",/event.aspx?253877,Tuncay Celik
"Neumarktstrasse 35; 2503, Biel",23441, Coupole,/club.aspx?id=23441,"Fri, 29 Apr 2011",/event.aspx?244701,Lars Moston
"Neumarktstrasse 35; 2503, Biel",23441, Coupole,/club.aspx?id=23441,"Fri, 29 Apr 2011",/event.aspx?244701,Malente
"Neumarktstrasse 35; 2503, Biel",23441, Coupole,/club.aspx?id=23441,"Sat, 16 Apr 2011",/event.aspx?247017,Joel Mull
"Neumarktstrasse 35; 2503, Biel",23441, Coupole,/club.aspx?id=23441,"Sat, 26 Feb 2011",/event.aspx?224201,Alejandro Mosso
"Neumarktstrasse 35; 2503, Biel",23441, Coupole,/club.aspx?id=23441,"Sat, 26 Feb 2011",/event.aspx?224201,Funzion
"Neumarktstrasse 35; 2503, Biel",23441, Coupole,/club.aspx?id=23441,"Fri, 4 Feb 2011",/event.aspx?220229,Dani Sbert
"Neumarktstrasse 35; 2503, Biel",23441, Coupole,/club.aspx?id=23441,"Fri, 4 Feb 2011",/event.aspx?220229,Luca Terzini
"Neumarktstrasse 35; 2503, Biel",23441, Coupole,/club.aspx?id=23441,"Wed, 2 Feb 2011",/event.aspx?209596,Dani Sbert
"Neumarktstrasse 35; 2503, Biel",23441, Coupole,/club.aspx?id=23441,"Wed, 2 Feb 2011",/event.aspx?209596,Cubex
"Neumarktstrasse 35; 2503, Biel",23441, Coupole,/club.aspx?id=23441,"Wed, 2 Feb 2011",/event.aspx?209596,Terzini Bros
"Neumarktstrasse 35; 2503, Biel",23441, Coupole,/club.aspx?id=23441,"Sat, 22 Dec 2012",/event.aspx?426573,Markus Lindner
"Neumarktstrasse 35; 2503, Biel",23441, Coupole,/club.aspx?id=23441,"Sat, 22 Dec 2012",/event.aspx?426573,Reas
"Neumarktstrasse 35; 2503, Biel",23441, Coupole,/club.aspx?id=23441,"Sat, 23 Jun 2012",/event.aspx?374130,Xhin
"Neumarktstrasse 35; 2503, Biel",23441, Coupole,/club.aspx?id=23441,"Sat, 23 Jun 2012",/event.aspx?374130,Alec Trusk
"Neumarktstrasse 35; 2503, Biel",23441, Coupole,/club.aspx?id=23441,"Fri, 13 Apr 2012",/event.aspx?359690,PHNTM
"Neumarktstrasse 35; 2503, Biel",23441, Coupole,/club.aspx?id=23441,"Fri, 13 Apr 2012",/event.aspx?359690,Cubex
"Neumarktstrasse 35; 2503, Biel",23441, Coupole,/club.aspx?id=23441,"Fri, 13 Apr 2012",/event.aspx?359690,Alec Trusk
"Neumarktstrasse 35; 2503, Biel",23441, Coupole,/club.aspx?id=23441,"Fri, 13 Apr 2012",/event.aspx?359690,Skaos
"Neumarktstrasse 35; 2503, Biel",23441, Coupole,/club.aspx?id=23441,"Fri, 13 Apr 2012",/event.aspx?359690,Markus haZe
"Neumarktstrasse 35; 2503, Biel",23441, Coupole,/club.aspx?id=23441,"Fri, 6 Jan 2012",/event.aspx?326374,Terzini Bros
"Neumarktstrasse 35; 2503, Biel",23441, Coupole,/club.aspx?id=23441,"Fri, 6 Jan 2012",/event.aspx?326374,Cubex
"Neumarktstrasse 35; 2503, Biel",23441, Coupole,/club.aspx?id=23441,"Fri, 6 Jan 2012",/event.aspx?326374,Dani Sbert
"Neumarktstrasse 35; 2503, Biel",23441, Coupole,/club.aspx?id=23441,"Fri, 6 Jan 2012",/event.aspx?326374,Miro Pajic
"Neumarktstrasse 35; 2503, Biel",23441, Coupole,/club.aspx?id=23441,"Sat, 12 Oct 2013",/event.aspx?521465,Umami
"Neumarktstrasse 35; 2503, Biel",23441, Coupole,/club.aspx?id=23441,"Sat, 12 Oct 2013",/event.aspx?521465,Francesco Passantino
"Neumarktstrasse 35; 2503, Biel",23441, Coupole,/club.aspx?id=23441,"Fri, 20 Sep 2013",/event.aspx?513231,Blond:ish
"Neumarktstrasse 35; 2503, Biel",23441, Coupole,/club.aspx?id=23441,"Fri, 20 Sep 2013",/event.aspx?513231,Tremendo
"Neumarktstrasse 35; 2503, Biel",23441, Coupole,/club.aspx?id=23441,"Fri, 20 Sep 2013",/event.aspx?513231,Mattoo
"Neumarktstrasse 35; 2503, Biel",23441, Coupole,/club.aspx?id=23441,"Fri, 20 Sep 2013",/event.aspx?513231,J-One
"Neumarktstrasse 35; 2503, Biel",23441, Coupole,/club.aspx?id=23441,"Sat, 1 Jun 2013",/event.aspx?482968,DJ Spinna
"Neumarktstrasse 35; 2503, Biel",23441, Coupole,/club.aspx?id=23441,"Fri, 3 May 2013",/event.aspx?470833,Prince Club
"Neumarktstrasse 35; 2503, Biel",23441, Coupole,/club.aspx?id=23441,"Fri, 3 May 2013",/event.aspx?470833,Kreisprozess
"Neumarktstrasse 35; 2503, Biel",23441, Coupole,/club.aspx?id=23441,"Fri, 3 May 2013",/event.aspx?470833,The Bassment
"Neumarktstrasse 35; 2503, Biel",23441, Coupole,/club.aspx?id=23441,"Sat, 23 Feb 2013",/event.aspx?447347,DJ Orgasmic
"Neumarktstrasse 35; 2503, Biel",23441, Coupole,/club.aspx?id=23441,"Sat, 23 Feb 2013",/event.aspx?447347,mimetic
"Neumarktstrasse 35; 2503, Biel",23441, Coupole,/club.aspx?id=23441,"Fri, 28 Nov 2014",/event.aspx?653567,Terence Fixmer
"Neumarktstrasse 35; 2503, Biel",23441, Coupole,/club.aspx?id=23441,"Fri, 14 Nov 2014",/event.aspx?656031,Pete Graham
"Neumarktstrasse 35; 2503, Biel",23441, Coupole,/club.aspx?id=23441,"Fri, 14 Nov 2014",/event.aspx?656031,Marc Spence
"Neumarktstrasse 35; 2503, Biel",23441, Coupole,/club.aspx?id=23441,"Fri, 14 Nov 2014",/event.aspx?656031,Romero D
"Neumarktstrasse 35; 2503, Biel",23441, Coupole,/club.aspx?id=23441,"Sat, 25 Oct 2014",/event.aspx?641629,Randomer
"Neumarktstrasse 35; 2503, Biel",23441, Coupole,/club.aspx?id=23441,"Sat, 25 Oct 2014",/event.aspx?641629,Beneath
"Neumarktstrasse 35; 2503, Biel",23441, Coupole,/club.aspx?id=23441,"Sat, 25 Oct 2014",/event.aspx?641629,La Vie C'est Facile
"Neumarktstrasse 35; 2503, Biel",23441, Coupole,/club.aspx?id=23441,"Fri, 17 Oct 2014",/event.aspx?639703,Uto Karem
"Neumarktstrasse 35; 2503, Biel",23441, Coupole,/club.aspx?id=23441,"Sat, 31 May 2014",/event.aspx?591125,The Advent
"Neumarktstrasse 35; 2503, Biel",23441, Coupole,/club.aspx?id=23441,"Sat, 31 May 2014",/event.aspx?591125,Wandler
"Neumarktstrasse 35; 2503, Biel",23441, Coupole,/club.aspx?id=23441,"Fri, 7 Mar 2014",/event.aspx?572507,Pär Grindvik
"Neumarktstrasse 35; 2503, Biel",23441, Coupole,/club.aspx?id=23441,"Sat, 18 Jan 2014",/event.aspx?551896,Skudge
"Neumarktstrasse 35; 2503, Biel",23441, Coupole,/club.aspx?id=23441,"Sat, 18 Jan 2014",/event.aspx?551896,Isolated Lines
"Neumarktstrasse 35; 2503, Biel",23441, Coupole,/club.aspx?id=23441,"Sat, 18 Jan 2014",/event.aspx?551896,Ink!
"Neumarktstrasse 35; 2503, Biel",23441, Coupole,/club.aspx?id=23441,"Fri, 27 Nov 2015",/event.aspx?775027,Idealist
"Neumarktstrasse 35; 2503, Biel",23441, Coupole,/club.aspx?id=23441,"Fri, 27 Nov 2015",/event.aspx?775027,Jon Donson
"Neumarktstrasse 35; 2503, Biel",23441, Coupole,/club.aspx?id=23441,"Fri, 27 Nov 2015",/event.aspx?775027,The Bassment
"Neumarktstrasse 35; 2503, Biel",23441, Coupole,/club.aspx?id=23441,"Fri, 20 Nov 2015",/event.aspx?765237,Jonas Kopp
"Neumarktstrasse 35; 2503, Biel",23441, Coupole,/club.aspx?id=23441,"Fri, 20 Nov 2015",/event.aspx?765237,DJ Milosz
"Neumarktstrasse 35; 2503, Biel",23441, Coupole,/club.aspx?id=23441,"Sat, 10 Oct 2015",/event.aspx?754925,Pleasurekraft
"Neumarktstrasse 35; 2503, Biel",23441, Coupole,/club.aspx?id=23441,"Sat, 10 Oct 2015",/event.aspx?754925,Alex Mendes
"Neumarktstrasse 35; 2503, Biel",23441, Coupole,/club.aspx?id=23441,"Sat, 10 Oct 2015",/event.aspx?754925,Recarey
"Neumarktstrasse 35; 2503, Biel",23441, Coupole,/club.aspx?id=23441,"Fri, 2 Oct 2015",/event.aspx?754697,Gary Beck
"Neumarktstrasse 35; 2503, Biel",23441, Coupole,/club.aspx?id=23441,"Fri, 5 Jun 2015",/event.aspx?718802,Perc
"Neumarktstrasse 35; 2503, Biel",23441, Coupole,/club.aspx?id=23441,"Fri, 5 Jun 2015",/event.aspx?718802,La Vie C'est Facile
"Neumarktstrasse 35; 2503, Biel",23441, Coupole,/club.aspx?id=23441,"Fri, 5 Jun 2015",/event.aspx?718802,DJ Milosz
"Neumarktstrasse 35; 2503, Biel",23441, Coupole,/club.aspx?id=23441,"Sat, 16 May 2015",/event.aspx?711232,Mark Broom
"Neumarktstrasse 35; 2503, Biel",23441, Coupole,/club.aspx?id=23441,"Sat, 16 May 2015",/event.aspx?711232,Mia Kaltes
"Neumarktstrasse 35; 2503, Biel",23441, Coupole,/club.aspx?id=23441,"Sat, 16 May 2015",/event.aspx?711232,DJ Milosz
"Neumarktstrasse 35; 2503, Biel",23441, Coupole,/club.aspx?id=23441,"Fri, 27 Feb 2015",/event.aspx?679474,Brian Sanhaji
"Neumarktstrasse 35; 2503, Biel",23441, Coupole,/club.aspx?id=23441,"Fri, 9 Dec 2016",/event.aspx?899995,Truss
"Neumarktstrasse 35; 2503, Biel",23441, Coupole,/club.aspx?id=23441,"Fri, 9 Dec 2016",/event.aspx?899995,Darius Menzi
"Neumarktstrasse 35; 2503, Biel",23441, Coupole,/club.aspx?id=23441,"Fri, 9 Dec 2016",/event.aspx?899995,DJ Milosz
"Neumarktstrasse 35; 2503, Biel",23441, Coupole,/club.aspx?id=23441,"Thu, 8 Dec 2016",/event.aspx?904669,Giusy S
"Neumarktstrasse 35; 2503, Biel",23441, Coupole,/club.aspx?id=23441,"Fri, 4 Nov 2016",/event.aspx?880880,Paula Temple
"Neumarktstrasse 35; 2503, Biel",23441, Coupole,/club.aspx?id=23441,"Thu, 13 Oct 2016",/event.aspx?891659,Plusculaar
"Neumarktstrasse 35; 2503, Biel",23441, Coupole,/club.aspx?id=23441,"Fri, 30 Sep 2016",/event.aspx?866994,Giovanni Verrina
"Neumarktstrasse 35; 2503, Biel",23441, Coupole,/club.aspx?id=23441,"Fri, 30 Sep 2016",/event.aspx?866994,Germano Ventura
"Neumarktstrasse 35; 2503, Biel",23441, Coupole,/club.aspx?id=23441,"Fri, 30 Sep 2016",/event.aspx?866994,Howl Ensemble
"Neumarktstrasse 35; 2503, Biel",23441, Coupole,/club.aspx?id=23441,"Fri, 30 Sep 2016",/event.aspx?866994,Dimitri Monev
"Neumarktstrasse 35; 2503, Biel",23441, Coupole,/club.aspx?id=23441,"Fri, 30 Sep 2016",/event.aspx?866994,Giusy S
"Neumarktstrasse 35; 2503, Biel",23441, Coupole,/club.aspx?id=23441,"Fri, 16 Sep 2016",/event.aspx?877066,Magda
"Neumarktstrasse 35; 2503, Biel",23441, Coupole,/club.aspx?id=23441,"Fri, 16 Sep 2016",/event.aspx?877066,Madnax
"Neumarktstrasse 35; 2503, Biel",23441, Coupole,/club.aspx?id=23441,"Fri, 16 Sep 2016",/event.aspx?877066,Recarey
"Neumarktstrasse 35; 2503, Biel",23441, Coupole,/club.aspx?id=23441,"Fri, 10 Jun 2016",/event.aspx?835202,Diego Krause
"Neumarktstrasse 35; 2503, Biel",23441, Coupole,/club.aspx?id=23441,"Fri, 10 Jun 2016",/event.aspx?835202,Cinthie
"Neumarktstrasse 35; 2503, Biel",23441, Coupole,/club.aspx?id=23441,"Fri, 10 Jun 2016",/event.aspx?835202,Giusy S
"Neumarktstrasse 35; 2503, Biel",23441, Coupole,/club.aspx?id=23441,"Sat, 28 May 2016",/event.aspx?831981,DJ Le Roi
"Neumarktstrasse 35; 2503, Biel",23441, Coupole,/club.aspx?id=23441,"Sat, 28 May 2016",/event.aspx?831981,Gianni Callipari
"Neumarktstrasse 35; 2503, Biel",23441, Coupole,/club.aspx?id=23441,"Sat, 28 May 2016",/event.aspx?831981,Honoree
"Neumarktstrasse 35; 2503, Biel",23441, Coupole,/club.aspx?id=23441,"Sat, 28 May 2016",/event.aspx?831981,Recarey
"Neumarktstrasse 35; 2503, Biel",23441, Coupole,/club.aspx?id=23441,"Thu, 19 May 2016",/event.aspx?825004,Washerman
"Neumarktstrasse 35; 2503, Biel",23441, Coupole,/club.aspx?id=23441,"Fri, 13 May 2016",/event.aspx?819853,Monkey Safari
"Neumarktstrasse 35; 2503, Biel",23441, Coupole,/club.aspx?id=23441,"Fri, 13 May 2016",/event.aspx?819853,Alci
"Neumarktstrasse 35; 2503, Biel",23441, Coupole,/club.aspx?id=23441,"Fri, 6 May 2016",/event.aspx?811539,Dax J
"Neumarktstrasse 35; 2503, Biel",23441, Coupole,/club.aspx?id=23441,"Fri, 6 May 2016",/event.aspx?811539,Cubex
"Neumarktstrasse 35; 2503, Biel",23441, Coupole,/club.aspx?id=23441,"Fri, 6 May 2016",/event.aspx?811539,DJ Milosz
"Neumarktstrasse 35; 2503, Biel",23441, Coupole,/club.aspx?id=23441,"Fri, 8 Apr 2016",/event.aspx?819699,Matador
"Neumarktstrasse 35; 2503, Biel",23441, Coupole,/club.aspx?id=23441,"Thu, 17 Mar 2016",/event.aspx?810014,Oram Modular
"Neumarktstrasse 35; 2503, Biel",23441, Coupole,/club.aspx?id=23441,"Fri, 4 Mar 2016",/event.aspx?778120,Niconé
"Neumarktstrasse 35; 2503, Biel",23441, Coupole,/club.aspx?id=23441,"Fri, 4 Mar 2016",/event.aspx?778120,Sascha Braemer
"Neumarktstrasse 35; 2503, Biel",23441, Coupole,/club.aspx?id=23441,"Fri, 4 Mar 2016",/event.aspx?778120,Nukem
"Neumarktstrasse 35; 2503, Biel",23441, Coupole,/club.aspx?id=23441,"Fri, 4 Mar 2016",/event.aspx?778120,Recarey
"Neumarktstrasse 35; 2503, Biel",23441, Coupole,/club.aspx?id=23441,"Fri, 4 Mar 2016",/event.aspx?778120,wankäla
"Neumarktstrasse 35; 2503, Biel",23441, Coupole,/club.aspx?id=23441,"Thu, 18 Feb 2016",/event.aspx?798315,Manuel Fischer
"Neumarktstrasse 35; 2503, Biel",23441, Coupole,/club.aspx?id=23441,"Thu, 18 Feb 2016",/event.aspx?798315,Giusy S
"Neumarktstrasse 35; 2503, Biel",23441, Coupole,/club.aspx?id=23441,"Sat, 4 Mar 2017",/event.aspx?920758,Slam
"Neumarktstrasse 35; 2503, Biel",23441, Coupole,/club.aspx?id=23441,"Sat, 4 Mar 2017",/event.aspx?920758,Kangding Ray
"Neumarktstrasse 35; 2503, Biel",23441, Coupole,/club.aspx?id=23441,"Sat, 4 Mar 2017",/event.aspx?920758,DJ Milosz
"Neumarktstrasse 35; 2503, Biel",23441, Coupole,/club.aspx?id=23441,"Fri, 13 Jan 2017",/event.aspx?909578,Carola Pisaturo
"Neumarktstrasse 35; 2503, Biel",23441, Coupole,/club.aspx?id=23441,"Fri, 13 Jan 2017",/event.aspx?909578,Lauren Lo Sung
